{
    "resourceType": "ClinicalImpression",
    "id" : "8163695a-6224-401e-9a78-7dbc9bed69af",
    "identifier": [
        {
            "system": "http://sys-ids.kemkes.go.id/clinicalimpression/1000004",
            "use": "official",
            "value": "Prognosis_000123"
        }
    ],
    "status": "completed",
    "description": "Bapak Budi Santoso terdiagnosa TB, dan tidak menunjukkan adanya resistensi obat",
    "subject": {
        "reference": "Patient/100000030009",
        "display": "Budi Santoso"
    },
    "encounter": {
        "reference": "Encounter/2823ed1d-3e3e-434e-9a5b-9c579d192787",
        "display": "Kunjungan Budi Santoso di hari Selasa, 14 Juni 2022"
    },
    "effectiveDateTime": "2022-06-14T15:37:31+07:00",
    "date": "2022-06-14T15:15:31+07:00",
    "assessor": {
        "reference": "Practitioner/N10000001"
    },
    "problem": [
        {
            "reference": "Condition/f2bc12fe-0ab2-4e5c-a3cd-32c66150cbe9"
        }
    ],
    "investigation": [
        {
            "code": {
                "text" : "Pemeriksaan Sputum BTA"
            },
            "item": [
                {
                    "reference": "DiagnosticReport/a0fa6244-7638-43ba-bbc2-2af954761540"
                },
                {
                    "reference": "Observation/56819f05-28b9-43c2-b0d1-3785768aa886"
                }
            ]
        }
    ],
    "summary": "Prognosis terhadap gejala klinis dan terkonfirmasi Tuberculosis",
    "finding": [
        {
            "itemCodeableConcept": {
                "coding": [
                    {
                        "system": "http://hl7.org/fhir/sid/icd-10",
                        "code": "A15.0",
                        "display": "Tuberculosis of lung, confirmed by sputum microscopy with or without culture"
                    }
                ]
            },
            "itemReference": {
                "reference": "Condition/f2bc12fe-0ab2-4e5c-a3cd-32c66150cbe9"
            }
        }
    ],
    "prognosisCodeableConcept": [
        {
            "coding": [
                {
                    "system": "http://snomed.info/sct",
                    "code": "65872000",
                    "display": "Fair prognosis"
                }
            ]
        }
    ]
}