{
    "resourceType": "Composition",
    "id": "e511fb00-3641-4816-a9fd-db2a55d1897d",
    "identifier": {
        "system": "http://sys-ids.kemkes.go.id/composition/10000004",
        "value": "P20240001"
    },
    "status": "final",
    "type": {
        "coding": [
            {
                "system": "http://loinc.org",
                "code": "18842-5",
                "display": "Discharge summary"
            }
        ]
    },
    "category": [
        {
            "coding": [
                {
                    "system": "http://loinc.org",
                    "code": "LP173421-1",
                    "display": "Report"
                }
            ]
        }
    ],
    "subject": {
        "reference": "Patient/100000030009",
        "display": "Budi Santoso"
    },
    "encounter": {
        "reference": "Encounter/2823ed1d-3e3e-434e-9a5b-9c579d192787",
        "display": "Kunjungan Budi Santoso di hari Selasa, 14 Juni 2022"
    },
    "date": "2022-06-14",
    "author": [
        {
            "reference": "Practitioner/N10000001",
            "display": "Dokter Bronsig"
        }
    ],
    "title": "Resume Medis Rawat Jalan",
    "custodian": {
        "reference": "Organization/10000004"
    },
    "section": [
        {
            "code": {
                "coding": [
                    {
                        "system": "http://loinc.org",
                        "code": "42344-2",
                        "display": "Discharge diet (narrative)"
                    }
                ]
            },
            "text": {
                "status": "additional",
                "div": "Rekomendasi diet rendah karbohidrat"
            }
        }
    ]
}