{
  "category": [
    {
      "coding": [
        {
          "code": "encounter-diagnosis",
          "display": "Encounter Diagnosis",
          "system": "http://terminology.hl7.org/CodeSystem/condition-category"
        }
      ]
    }
  ],
  "clinicalStatus": {
    "coding": [
      {
        "code": "active",
        "display": "Active",
        "system": "http://terminology.hl7.org/CodeSystem/condition-clinical"
      }
    ]
  },
  "code": {
    "coding": [
      {
        "code": "A15.0",
        "display": "Tuberculosis of lung, confirmed by sputum microscopy with or without culture",
        "system": "http://hl7.org/fhir/sid/icd-10"
      }
    ]
  },
  "encounter": {
    "reference": "Encounter/2823ed1d-3e3e-434e-9a5b-9c579d192787"
  },
  "id": "f2bc12fe-0ab2-4e5c-a3cd-32c66150cbe9",
  "meta": {
    "lastUpdated": "2022-08-11T14:49:25.289752+00:00",
    "versionId": "MTY2MDIyOTM2NTI4OTc1MjAwMA"
  },
  "onsetDateTime": "2022-06-14",
  "recordedDate": "2022-06-14",
  "resourceType": "Condition",
  "subject": {
    "display": "Budi Santoso",
    "reference": "Patient/100000030009"
  }
}