{
  "category": [
    {
      "coding": [
        {
          "code": "encounter-diagnosis",
          "display": "Encounter Diagnosis",
          "system": "http://terminology.hl7.org/CodeSystem/condition-category"
        }
      ]
    }
  ],
  "clinicalStatus": {
    "coding": [
      {
        "code": "active",
        "display": "Active",
        "system": "http://terminology.hl7.org/CodeSystem/condition-clinical"
      }
    ]
  },
  "code": {
    "coding": [
      {
        "code": "E11.9",
        "display": "Non-insulin-dependent diabetes mellitus without complications ",
        "system": "http://hl7.org/fhir/sid/icd-10"
      }
    ]
  },
  "encounter": {
    "display": "Kunjungan Budi Santoso di hari Selasa, 14 Juni 2022",
    "reference": "Encounter/2823ed1d-3e3e-434e-9a5b-9c579d192787"
  },
  "id": "ba0dd351-c30a-4659-994e-0013797b545b",
  "meta": {
    "lastUpdated": "2022-08-11T14:51:14.144921+00:00",
    "versionId": "MTY2MDIyOTQ3NDE0NDkyMTAwMA"
  },
  "onsetDateTime": "2022-06-14",
  "recordedDate": "2022-06-14",
  "resourceType": "Condition",
  "subject": {
    "display": "Budi Santoso",
    "reference": "Patient/100000030009"
  }
}