{
  "class": {
    "code": "AMB",
    "display": "ambulatory",
    "system": "http://terminology.hl7.org/CodeSystem/v3-ActCode"
  },
  "id": "2823ed1d-3e3e-434e-9a5b-9c579d192787",
  "identifier": [
    {
      "system": "http://sys-ids.kemkes.go.id/encounter/10000004",
      "value": "P20240001"
    }
  ],
  "location": [
    {
      "location": {
        "display": "Ruang 1A, Poliklinik Rawat Jalan",
        "reference": "Location/ef011065-38c9-46f8-9c35-d1fe68966a3e"
      }
    }
  ],
  "meta": {
    "lastUpdated": "2022-08-11T14:35:09.810004+00:00",
    "versionId": "MTY2MDIyODUwOTgxMDAwNDAwMA"
  },
  "participant": [
    {
      "individual": {
        "display": "Dokter Bronsig",
        "reference": "Practitioner/N10000001"
      },
      "type": [
        {
          "coding": [
            {
              "code": "ATND",
              "display": "attender",
              "system": "http://terminology.hl7.org/CodeSystem/v3-ParticipationType"
            }
          ]
        }
      ]
    }
  ],
  "period": {
    "start": "2022-06-14T07:00:00+07:00"
  },
  "resourceType": "Encounter",
  "serviceProvider": {
    "reference": "Organization/10000004"
  },
  "status": "arrived",
  "statusHistory": [
    {
      "period": {
        "end": "2022-06-14T08:00:00+07:00",
        "start": "2022-06-14T07:00:00+07:00"
      },
      "status": "arrived"
    }
  ],
  "subject": {
    "display": "Budi Santoso",
    "reference": "Patient/100000030009"
  }
}