{
    "address": {
        "city": "Surabaya",
        "country": "ID",
        "extension": [
            {
                "extension": [
                    {
                        "url": "province",
                        "valueCode": "35"
                    },
                    {
                        "url": "city",
                        "valueCode": "3517"
                    },
                    {
                        "url": "district",
                        "valueCode": "351710"
                    },
                    {
                        "url": "village",
                        "valueCode": "3517102001"
                    },
                    {
                        "url": "rw",
                        "valueCode": "5"
                    }
                ],
                "url": "https://fhir.kemkes.go.id/r4/StructureDefinition/AdministrativeCode"
            }
        ],
        "postalCode": "60241",
        "text": "Jl. Raya Jogoroto-Peterongan, Jombang",
        "type": "both",
        "use": "work"
    },
    "alias": [
        "IGD"
    ],
    "description": "Instalasi Gawat Darurat",
    "extension": [
        {
            "url": "https://fhir.kemkes.go.id/r4/StructureDefinition/LocationServiceClass",
            "valueCodeableConcept": {
                "coding": [
                    {
                        "code": "reguler",
                        "display": "Kelas Reguler",
                        "system": "http://terminology.kemkes.go.id/CodeSystem/locationServiceClass-Outpatient"
                    }
                ]
            }
        }
    ],
    "id": "1c5a79b0-644a-4459-a79b-510c1a3b72a4",
    "identifier": [
        {
            "system": "http://sys-ids.kemkes.go.id/location/5fe612fe-eb92-4034-9337-7ad60ab15b94",
            "use": "official",
            "value": "IGD"
        }
    ],
    "managingOrganization": {
        "reference": "Organization/5fe612fe-eb92-4034-9337-7ad60ab15b94"
    },
    "meta": {
        "lastUpdated": "2024-01-21T18:18:01.640276+00:00",
        "versionId": "MTcwNTg2MTA4MTY0MDI3NjAwMA"
    },
    "mode": "instance",
    "name": "Instalasi Gawat Darurat",
    "physicalType": {
        "coding": [
            {
                "code": "wa",
                "display": "Ward",
                "system": "http://terminology.hl7.org/CodeSystem/location-physical-type"
            }
        ]
    },
    "position": {
        "latitude": -7.55,
        "longitude": 112.23
    },
    "resourceType": "Location",
    "status": "active",
    "telecom": [
        {
            "system": "phone",
            "use": "work",
            "value": "031-8700000"
        },
        {
            "system": "email",
            "use": "work",
            "value": "rsum@mail.com"
        }
    ],
    "type": [
        {
            "coding": [
                {
                    "code": "RT0006",
                    "display": "Instalasi Gawat Darurat",
                    "system": "http://terminology.kemkes.go.id/CodeSystem/location-type"
                }
            ]
        }
    ]
}
