{
    "address": {
        "city": "Surabaya",
        "country": "ID",
        "extension": [
            {
                "extension": [
                    {
                        "url": "province",
                        "valueCode": "35"
                    },
                    {
                        "url": "city",
                        "valueCode": "3517"
                    },
                    {
                        "url": "district",
                        "valueCode": "351710"
                    },
                    {
                        "url": "village",
                        "valueCode": "3517102001"
                    },
                    {
                        "url": "rw",
                        "valueCode": "5"
                    }
                ],
                "url": "https://fhir.kemkes.go.id/r4/StructureDefinition/AdministrativeCode"
            }
        ],
        "postalCode": "60241",
        "text": "Jl. Raya Jogoroto-Peterongan, Jombang",
        "type": "both",
        "use": "work"
    },
    "alias": [
        "Bed 1-Jawa"
    ],
    "description": "Bed 1 pada Ruang Jawa",
    "extension": [
        {
            "url": "https://fhir.kemkes.go.id/r4/StructureDefinition/LocationServiceClass",
            "valueCodeableConcept": {
                "coding": [
                    {
                        "code": "1",
                        "display": "Kelas 1",
                        "system": "http://terminology.kemkes.go.id/CodeSystem/locationServiceClass-Inpatient"
                    }
                ]
            }
        }
    ],
    "id": "36b96a08-5b8c-425e-8e7b-6f749dda92ed",
    "identifier": [
        {
            "system": "http://sys-ids.kemkes.go.id/location/5fe612fe-eb92-4034-9337-7ad60ab15b94",
            "use": "official",
            "value": "Bed 1-Jawa"
        }
    ],
    "managingOrganization": {
        "reference": "Organization/5fe612fe-eb92-4034-9337-7ad60ab15b94"
    },
    "meta": {
        "lastUpdated": "2024-01-21T18:08:46.368491+00:00",
        "versionId": "MTcwNTg2MDUyNjM2ODQ5MTAwMA"
    },
    "mode": "instance",
    "name": "Ruang Jawa Bed 1",
    "physicalType": {
        "coding": [
            {
                "code": "bd",
                "display": "Bed",
                "system": "http://terminology.hl7.org/CodeSystem/location-physical-type"
            }
        ]
    },
    "position": {
        "latitude": -7.55,
        "longitude": 112.23
    },
    "resourceType": "Location",
    "status": "active",
    "telecom": [
        {
            "system": "phone",
            "use": "work",
            "value": "031-8700000"
        },
        {
            "system": "email",
            "use": "work",
            "value": "rsum@mail.com"
        }
    ],
    "type": [
        {
            "coding": [
                {
                    "code": "RT0004",
                    "display": "Tempat Tidur",
                    "system": "http://terminology.kemkes.go.id/CodeSystem/location-type"
                }
            ]
        }
    ]
}
