{
    "resourceType": "Observation",
    "status": "final",
    "id" : "40a8c3c0-89fb-4ed3-b646-399c6a909d8a",
    "category": [
        {
            "coding": [
                {
                    "system": "http://terminology.hl7.org/CodeSystem/observation-category",
                    "code": "vital-signs",
                    "display": "Vital Signs"
                }
            ]
        }
    ],
    "code": {
        "coding": [
            {
                "system": "http://loinc.org",
                "code": "9279-1",
                "display": "Respiratory rate"
            }
        ]
    },
    "subject": {
        "reference": "Patient/100000030009"
    },
    "encounter": {
        "reference": "Encounter/2823ed1d-3e3e-434e-9a5b-9c579d192787",
        "display": "Pemeriksaan Fisik Pernafasan Budi Santoso di hari Selasa, 14 Juni 2022"
    },
    "effectiveDateTime": "2022-07-14",
    "issued": "2022-07-14T14:27:00+07:00",
    "valueQuantity": {
        "value": 22,
        "unit": "breaths/minute",
        "system": "http://unitsofmeasure.org",
        "code": "/min"
    }
}
