{
    "active": false,
    "address": [
        {
            "city": "Jakarta",
            "country": "ID",
            "extension": [
                {
                    "extension": [
                        {
                            "url": "province",
                            "valueCode": "31"
                        },
                        {
                            "url": "city",
                            "valueCode": "3171"
                        },
                        {
                            "url": "district",
                            "valueCode": "317101"
                        },
                        {
                            "url": "village",
                            "valueCode": "31710101"
                        }
                    ],
                    "url": "https://fhir.kemkes.go.id/r4/StructureDefinition/administrativeCode"
                }
            ],
            "line": [
                "Jalan Jati Asih"
            ],
            "postalCode": "55292",
            "type": "both",
            "use": "work"
        }
    ],
    "id": "abddd50b-b22f-4d68-a1c3-d2c29a27698b",
    "identifier": [
        {
            "system": "http://sys-ids.kemkes.go.id/organization/10000004",
            "use": "official",
            "value": "R220001"
        }
    ],
    "meta": {
        "lastUpdated": "2023-10-20T02:12:46.826122+00:00",
        "versionId": "MTY5Nzc2Nzk2NjgyNjEyMjAwMA"
    },
    "name": "RAJAL TERPADU",
    "partOf": {
        "reference": "Organization/10000004"
    },
    "resourceType": "Organization",
    "telecom": [
        {
            "system": "phone",
            "use": "work",
            "value": "+6221-783042654"
        },
        {
            "system": "email",
            "use": "work",
            "value": "rs-satusehat@gmail.com"
        },
        {
            "system": "url",
            "use": "work",
            "value": "www.rs-satusehat@gmail.com"
        }
    ],
    "type": [
        {
            "coding": [
                {
                    "code": "dept",
                    "display": "Hospital Department",
                    "system": "http://terminology.hl7.org/CodeSystem/organization-type"
                }
            ]
        }
    ]
}