{
  "active": true,
  "birthDate": "1920-02-28",
  "id": "P02029102734",
  "identifier": [
    {
      "system": "https://fhir.kemkes.go.id/id/nik-ibu",
      "use": "official",
      "value": "367400001111222"
    },
    {
      "system": "https://fhir.kemkes.go.id/id/ihs-number",
      "use": "official",
      "value": "P02029102734"
    }
  ],
  "meta": {
    "lastUpdated": "2023-03-08T11:00:54.720631+00:00",
    "profile": [
      "https://fhir.kemkes.go.id/r4/StructureDefinition/Patient"
    ],
    "versionId": "MTY3ODI3MzI1NDcyMDYzMTAwMA"
  },
  "name": [
    {
      "text": "Dodi",
      "use": "official"
    }
  ],
  "resourceType": "Patient"
}