{
    "resourceType": "QuestionnaireResponse",
    "id": "0070bf6c-ec6f-46d4-98a0-b5089492fdb0",
    "questionnaire": "https://fhir.kemkes.go.id/Questionnaire/Q0002",
    "status": "completed",
    "subject": {
        "reference": "Patient/P02280547535",
        "display": "patient 6"
    },
    "encounter": {
        "reference": "Encounter/66533eb2-723d-4e7c-b7aa-500cd67dd4c8"
    },
    "authored": "2022-07-26T10:00:00+07:00",
    "author": {
        "reference": "Practitioner/N10000001"
    },
    "source": {
        "reference": "Patient/P02280547535"
    },
    "item": [
        {
            "linkId": "1",
            "text": "Status Kesejahteraan",
            "answer": [
                {
                    "valueCoding": {
                        "system": "http://terminology.kemkes.go.id/CodeSystem/keluarga-sejahtera",
                        "code": "KPS",
                        "display": "Keluarga Pra Sejahtera (KPS)"
                    }
                }
            ]
        }
    ]
}
