[
    {
        "code": "AD",
        "display": "Andorra"
    },
    {
        "code": "AE",
        "display": "United Arab Emirates"
    },
    {
        "code": "AF",
        "display": "Afghanistan"
    },
    {
        "code": "AG",
        "display": "Antigua and Barbuda"
    },
    {
        "code": "AI",
        "display": "Anguilla"
    },
    {
        "code": "AL",
        "display": "Albania"
    },
    {
        "code": "AM",
        "display": "Armenia"
    },
    {
        "code": "AO",
        "display": "Angola"
    },
    {
        "code": "AQ",
        "display": "Antarctica"
    },
    {
        "code": "AR",
        "display": "Argentina"
    },
    {
        "code": "AS",
        "display": "American Samoa"
    },
    {
        "code": "AT",
        "display": "Austria"
    },
    {
        "code": "AU",
        "display": "Australia"
    },
    {
        "code": "AW",
        "display": "Aruba"
    },
    {
        "code": "AX",
        "display": "\u00c3\u2026land Islands"
    },
    {
        "code": "AZ",
        "display": "Azerbaijan"
    },
    {
        "code": "BA",
        "display": "Bosnia and Herzegovina"
    },
    {
        "code": "BB",
        "display": "Barbados"
    },
    {
        "code": "BD",
        "display": "Bangladesh"
    },
    {
        "code": "BE",
        "display": "Belgium"
    },
    {
        "code": "BF",
        "display": "Burkina Faso"
    },
    {
        "code": "BG",
        "display": "Bulgaria"
    },
    {
        "code": "BH",
        "display": "Bahrain"
    },
    {
        "code": "BI",
        "display": "Burundi"
    },
    {
        "code": "BJ",
        "display": "Benin"
    },
    {
        "code": "BL",
        "display": "Saint Barth\u00c3\u00a9lemy"
    },
    {
        "code": "BM",
        "display": "Bermuda"
    },
    {
        "code": "BN",
        "display": "Brunei Darussalam"
    },
    {
        "code": "BO",
        "display": "Bolivia, Plurinational State of"
    },
    {
        "code": "BQ",
        "display": "Bonaire, Sint Eustatius and Saba"
    },
    {
        "code": "BR",
        "display": "Brazil"
    },
    {
        "code": "BS",
        "display": "Bahamas"
    },
    {
        "code": "BT",
        "display": "Bhutan"
    },
    {
        "code": "BV",
        "display": "Bouvet Island"
    },
    {
        "code": "BW",
        "display": "Botswana"
    },
    {
        "code": "BY",
        "display": "Belarus"
    },
    {
        "code": "BZ",
        "display": "Belize"
    },
    {
        "code": "CA",
        "display": "Canada"
    },
    {
        "code": "CC",
        "display": "Cocos (Keeling) Islands"
    },
    {
        "code": "CD",
        "display": "Congo, the Democratic Republic of the"
    },
    {
        "code": "CF",
        "display": "Central African Republic"
    },
    {
        "code": "CG",
        "display": "Congo"
    },
    {
        "code": "CH",
        "display": "Switzerland"
    },
    {
        "code": "CI",
        "display": "C\u00c3\u00b4te d''Ivoire"
    },
    {
        "code": "CK",
        "display": "Cook Islands"
    },
    {
        "code": "CL",
        "display": "Chile"
    },
    {
        "code": "CM",
        "display": "Cameroon"
    },
    {
        "code": "CN",
        "display": "China"
    },
    {
        "code": "CO",
        "display": "Colombia"
    },
    {
        "code": "CR",
        "display": "Costa Rica"
    },
    {
        "code": "CU",
        "display": "Cuba"
    },
    {
        "code": "CV",
        "display": "Cabo Verde"
    },
    {
        "code": "CW",
        "display": "Cura\u00c3\u00a7ao"
    },
    {
        "code": "CX",
        "display": "Christmas Island"
    },
    {
        "code": "CY",
        "display": "Cyprus"
    },
    {
        "code": "CZ",
        "display": "Czechia"
    },
    {
        "code": "DE",
        "display": "Germany"
    },
    {
        "code": "DJ",
        "display": "Djibouti"
    },
    {
        "code": "DK",
        "display": "Denmark"
    },
    {
        "code": "DM",
        "display": "Dominica"
    },
    {
        "code": "DO",
        "display": "Dominican Republic"
    },
    {
        "code": "DZ",
        "display": "Algeria"
    },
    {
        "code": "EC",
        "display": "Ecuador"
    },
    {
        "code": "EE",
        "display": "Estonia"
    },
    {
        "code": "EG",
        "display": "Egypt"
    },
    {
        "code": "EH",
        "display": "Western Sahara"
    },
    {
        "code": "ER",
        "display": "Eritrea"
    },
    {
        "code": "ES",
        "display": "Spain"
    },
    {
        "code": "ET",
        "display": "Ethiopia"
    },
    {
        "code": "FI",
        "display": "Finland"
    },
    {
        "code": "FJ",
        "display": "Fiji"
    },
    {
        "code": "FK",
        "display": "Falkland Islands (Malvinas)"
    },
    {
        "code": "FM",
        "display": "Micronesia, Federated States of"
    },
    {
        "code": "FO",
        "display": "Faroe Islands"
    },
    {
        "code": "FR",
        "display": "France"
    },
    {
        "code": "GA",
        "display": "Gabon"
    },
    {
        "code": "GB",
        "display": "United Kingdom of Great Britain and Northern Ireland"
    },
    {
        "code": "GD",
        "display": "Grenada"
    },
    {
        "code": "GE",
        "display": "Georgia"
    },
    {
        "code": "GF",
        "display": "French Guiana"
    },
    {
        "code": "GG",
        "display": "Guernsey"
    },
    {
        "code": "GH",
        "display": "Ghana"
    },
    {
        "code": "GI",
        "display": "Gibraltar"
    },
    {
        "code": "GL",
        "display": "Greenland"
    },
    {
        "code": "GM",
        "display": "Gambia"
    },
    {
        "code": "GN",
        "display": "Guinea"
    },
    {
        "code": "GP",
        "display": "Guadeloupe"
    },
    {
        "code": "GQ",
        "display": "Equatorial Guinea"
    },
    {
        "code": "GR",
        "display": "Greece"
    },
    {
        "code": "GS",
        "display": "South Georgia and the South Sandwich Islands"
    },
    {
        "code": "GT",
        "display": "Guatemala"
    },
    {
        "code": "GU",
        "display": "Guam"
    },
    {
        "code": "GW",
        "display": "Guinea-Bissau"
    },
    {
        "code": "GY",
        "display": "Guyana"
    },
    {
        "code": "HK",
        "display": "Hong Kong"
    },
    {
        "code": "HM",
        "display": "Heard Island and McDonald Islands"
    },
    {
        "code": "HN",
        "display": "Honduras"
    },
    {
        "code": "HR",
        "display": "Croatia"
    },
    {
        "code": "HT",
        "display": "Haiti"
    },
    {
        "code": "HU",
        "display": "Hungary"
    },
    {
        "code": "ID",
        "display": "Indonesia"
    },
    {
        "code": "IE",
        "display": "Ireland"
    },
    {
        "code": "IL",
        "display": "Israel"
    },
    {
        "code": "IM",
        "display": "Isle of Man"
    },
    {
        "code": "IN",
        "display": "India"
    },
    {
        "code": "IO",
        "display": "British Indian Ocean Territory"
    },
    {
        "code": "IQ",
        "display": "Iraq"
    },
    {
        "code": "IR",
        "display": "Iran, Islamic Republic of"
    },
    {
        "code": "IS",
        "display": "Iceland"
    },
    {
        "code": "IT",
        "display": "Italy"
    },
    {
        "code": "JE",
        "display": "Jersey"
    },
    {
        "code": "JM",
        "display": "Jamaica"
    },
    {
        "code": "JO",
        "display": "Jordan"
    },
    {
        "code": "JP",
        "display": "Japan"
    },
    {
        "code": "KE",
        "display": "Kenya"
    },
    {
        "code": "KG",
        "display": "Kyrgyzstan"
    },
    {
        "code": "KH",
        "display": "Cambodia"
    },
    {
        "code": "KI",
        "display": "Kiribati"
    },
    {
        "code": "KM",
        "display": "Comoros"
    },
    {
        "code": "KN",
        "display": "Saint Kitts and Nevis"
    },
    {
        "code": "KP",
        "display": "Korea, Democratic People''s Republic of"
    },
    {
        "code": "KR",
        "display": "Korea, Republic of"
    },
    {
        "code": "KW",
        "display": "Kuwait"
    },
    {
        "code": "KY",
        "display": "Cayman Islands"
    },
    {
        "code": "KZ",
        "display": "Kazakhstan"
    },
    {
        "code": "LA",
        "display": "Lao People''s Democratic Republic"
    },
    {
        "code": "LB",
        "display": "Lebanon"
    },
    {
        "code": "LC",
        "display": "Saint Lucia"
    },
    {
        "code": "LI",
        "display": "Liechtenstein"
    },
    {
        "code": "LK",
        "display": "Sri Lanka"
    },
    {
        "code": "LR",
        "display": "Liberia"
    },
    {
        "code": "LS",
        "display": "Lesotho"
    },
    {
        "code": "LT",
        "display": "Lithuania"
    },
    {
        "code": "LU",
        "display": "Luxembourg"
    },
    {
        "code": "LV",
        "display": "Latvia"
    },
    {
        "code": "LY",
        "display": "Libya"
    },
    {
        "code": "MA",
        "display": "Morocco"
    },
    {
        "code": "MC",
        "display": "Monaco"
    },
    {
        "code": "MD",
        "display": "Moldova, Republic of"
    },
    {
        "code": "ME",
        "display": "Montenegro"
    },
    {
        "code": "MF",
        "display": "Saint Martin (French part)"
    },
    {
        "code": "MG",
        "display": "Madagascar"
    },
    {
        "code": "MH",
        "display": "Marshall Islands"
    },
    {
        "code": "MK",
        "display": "Macedonia, the former Yugoslav Republic of"
    },
    {
        "code": "ML",
        "display": "Mali"
    },
    {
        "code": "MM",
        "display": "Myanmar"
    },
    {
        "code": "MN",
        "display": "Mongolia"
    },
    {
        "code": "MO",
        "display": "Macao"
    },
    {
        "code": "MP",
        "display": "Northern Mariana Islands"
    },
    {
        "code": "MQ",
        "display": "Martinique"
    },
    {
        "code": "MR",
        "display": "Mauritania"
    },
    {
        "code": "MS",
        "display": "Montserrat"
    },
    {
        "code": "MT",
        "display": "Malta"
    },
    {
        "code": "MU",
        "display": "Mauritius"
    },
    {
        "code": "MV",
        "display": "Maldives"
    },
    {
        "code": "MW",
        "display": "Malawi"
    },
    {
        "code": "MX",
        "display": "Mexico"
    },
    {
        "code": "MY",
        "display": "Malaysia"
    },
    {
        "code": "MZ",
        "display": "Mozambique"
    },
    {
        "code": "NA",
        "display": "Namibia"
    },
    {
        "code": "NC",
        "display": "New Caledonia"
    },
    {
        "code": "NE",
        "display": "Niger"
    },
    {
        "code": "NF",
        "display": "Norfolk Island"
    },
    {
        "code": "NG",
        "display": "Nigeria"
    },
    {
        "code": "NI",
        "display": "Nicaragua"
    },
    {
        "code": "NL",
        "display": "Netherlands"
    },
    {
        "code": "NO",
        "display": "Norway"
    },
    {
        "code": "NP",
        "display": "Nepal"
    },
    {
        "code": "NR",
        "display": "Nauru"
    },
    {
        "code": "NU",
        "display": "Niue"
    },
    {
        "code": "NZ",
        "display": "New Zealand"
    },
    {
        "code": "OM",
        "display": "Oman"
    },
    {
        "code": "PA",
        "display": "Panama"
    },
    {
        "code": "PE",
        "display": "Peru"
    },
    {
        "code": "PF",
        "display": "French Polynesia"
    },
    {
        "code": "PG",
        "display": "Papua New Guinea"
    },
    {
        "code": "PH",
        "display": "Philippines"
    },
    {
        "code": "PK",
        "display": "Pakistan"
    },
    {
        "code": "PL",
        "display": "Poland"
    },
    {
        "code": "PM",
        "display": "Saint Pierre and Miquelon"
    },
    {
        "code": "PN",
        "display": "Pitcairn"
    },
    {
        "code": "PR",
        "display": "Puerto Rico"
    },
    {
        "code": "PS",
        "display": "Palestine, State of"
    },
    {
        "code": "PT",
        "display": "Portugal"
    },
    {
        "code": "PW",
        "display": "Palau"
    },
    {
        "code": "PY",
        "display": "Paraguay"
    },
    {
        "code": "QA",
        "display": "Qatar"
    },
    {
        "code": "RE",
        "display": "R\u00c3\u00a9union"
    },
    {
        "code": "RO",
        "display": "Romania"
    },
    {
        "code": "RS",
        "display": "Serbia"
    },
    {
        "code": "RU",
        "display": "Russian Federation"
    },
    {
        "code": "RW",
        "display": "Rwanda"
    },
    {
        "code": "SA",
        "display": "Saudi Arabia"
    },
    {
        "code": "SB",
        "display": "Solomon Islands"
    },
    {
        "code": "SC",
        "display": "Seychelles"
    },
    {
        "code": "SD",
        "display": "Sudan"
    },
    {
        "code": "SE",
        "display": "Sweden"
    },
    {
        "code": "SG",
        "display": "Singapore"
    },
    {
        "code": "SH",
        "display": "Saint Helena, Ascension and Tristan da Cunha"
    },
    {
        "code": "SI",
        "display": "Slovenia"
    },
    {
        "code": "SJ",
        "display": "Svalbard and Jan Mayen"
    },
    {
        "code": "SK",
        "display": "Slovakia"
    },
    {
        "code": "SL",
        "display": "Sierra Leone"
    },
    {
        "code": "SM",
        "display": "San Marino"
    },
    {
        "code": "SN",
        "display": "Senegal"
    },
    {
        "code": "SO",
        "display": "Somalia"
    },
    {
        "code": "SR",
        "display": "Suriname"
    },
    {
        "code": "SS",
        "display": "South Sudan"
    },
    {
        "code": "ST",
        "display": "Sao Tome and Principe"
    },
    {
        "code": "SV",
        "display": "El Salvador"
    },
    {
        "code": "SX",
        "display": "Sint Maarten (Dutch part)"
    },
    {
        "code": "SY",
        "display": "Syrian Arab Republic"
    },
    {
        "code": "SZ",
        "display": "Swaziland"
    },
    {
        "code": "TC",
        "display": "Turks and Caicos Islands"
    },
    {
        "code": "TD",
        "display": "Chad"
    },
    {
        "code": "TF",
        "display": "French Southern Territories"
    },
    {
        "code": "TG",
        "display": "Togo"
    },
    {
        "code": "TH",
        "display": "Thailand"
    },
    {
        "code": "TJ",
        "display": "Tajikistan"
    },
    {
        "code": "TK",
        "display": "Tokelau"
    },
    {
        "code": "TL",
        "display": "Timor-Leste"
    },
    {
        "code": "TM",
        "display": "Turkmenistan"
    },
    {
        "code": "TN",
        "display": "Tunisia"
    },
    {
        "code": "TO",
        "display": "Tonga"
    },
    {
        "code": "TR",
        "display": "Turkey"
    },
    {
        "code": "TT",
        "display": "Trinidad and Tobago"
    },
    {
        "code": "TV",
        "display": "Tuvalu"
    },
    {
        "code": "TW",
        "display": "Taiwan, Province of China"
    },
    {
        "code": "TZ",
        "display": "Tanzania, United Republic of"
    },
    {
        "code": "UA",
        "display": "Ukraine"
    },
    {
        "code": "UG",
        "display": "Uganda"
    },
    {
        "code": "UM",
        "display": "United States Minor Outlying Islands"
    },
    {
        "code": "US",
        "display": "United States of America"
    },
    {
        "code": "UY",
        "display": "Uruguay"
    },
    {
        "code": "UZ",
        "display": "Uzbekistan"
    },
    {
        "code": "VA",
        "display": "Holy See"
    },
    {
        "code": "VC",
        "display": "Saint Vincent and the Grenadines"
    },
    {
        "code": "VE",
        "display": "Venezuela, Bolivarian Republic of"
    },
    {
        "code": "VG",
        "display": "Virgin Islands, British"
    },
    {
        "code": "VI",
        "display": "Virgin Islands,"
    },
    {
        "code": "VN",
        "display": "Viet Nam"
    },
    {
        "code": "VU",
        "display": "Vanuatu"
    },
    {
        "code": "WF",
        "display": "Wallis and Futuna"
    },
    {
        "code": "WS",
        "display": "Samoa"
    },
    {
        "code": "YE",
        "display": "Yemen"
    },
    {
        "code": "YT",
        "display": "Mayotte"
    },
    {
        "code": "ZA",
        "display": "South Africa"
    },
    {
        "code": "ZM",
        "display": "Zambia"
    },
    {
        "code": "ZW",
        "display": "Zimbabwe"
    }
]