[
    {
        "code": "450044741000087104",
        "display": "Acupuncturist",
        "definition": "Acupuncturist (occupation)"
    },
    {
        "code": "1276571000168108",
        "display": "Orthotist and prosthetist",
        "definition": "Orthotist and prosthetist (occupation)"
    },
    {
        "code": "1276561000168102",
        "display": "Prosthetist",
        "definition": "Prosthetist (occupation)"
    },
    {
        "code": "1032781000168105",
        "display": "Kinesiology practitioner",
        "definition": "Kinesiology practitioner (occupation)"
    },
    {
        "code": "1012901000168106",
        "display": "Gynecologic oncologist",
        "definition": "Gynecologic oncologist (occupation)"
    },
    {
        "code": "611601000124100",
        "display": "Neonatal nurse practitioner",
        "definition": "Neonatal nurse practitioner (occupation)"
    },
    {
        "code": "90981000221101",
        "display": "Endoscopist physician",
        "definition": "Endoscopist physician (occupation)"
    },
    {
        "code": "68191000052106",
        "display": "Neuropsychologist",
        "definition": "Neuropsychologist (occupation)"
    },
    {
        "code": "67811000052107",
        "display": "Pediatric hematology and oncology physician",
        "definition": "Pediatric hematology and oncology physician (occupation)"
    },
    {
        "code": "50681000087109",
        "display": "Bariatric surgeon",
        "definition": "Bariatric surgeon (occupation)"
    },
    {
        "code": "45201000087106",
        "display": "Pediatric urologist",
        "definition": "Pediatric urologist (occupation)"
    },
    {
        "code": "45191000087109",
        "display": "Pediatric otorhinolaryngologist",
        "definition": "Pediatric otorhinolaryngologist (occupation)"
    },
    {
        "code": "45181000087107",
        "display": "Pediatric ophthalmologist",
        "definition": "Pediatric ophthalmologist (occupation)"
    },
    {
        "code": "26091000087104",
        "display": "Public health nurse practitioner",
        "definition": "Public health nurse practitioner (occupation)"
    },
    {
        "code": "26071000087103",
        "display": "Primary health care nurse practitioner",
        "definition": "Primary health care nurse practitioner (occupation)"
    },
    {
        "code": "26031000087100",
        "display": "Pediatric nurse practitioner",
        "definition": "Pediatric nurse practitioner (occupation)"
    },
    {
        "code": "25941000087102",
        "display": "Adult gerontology primary care nurse practitioner",
        "definition": "Adult gerontology primary care nurse practitioner (occupation)"
    },
    {
        "code": "9371000175105",
        "display": "Adolescent medicine specialist",
        "definition": "Adolescent medicine specialist (occupation)"
    },
    {
        "code": "3981000175106",
        "display": "Nurse complex case manager",
        "definition": "Nurse complex case manager (occupation)"
    },
    {
        "code": "1290289004",
        "display": "Fellow physician",
        "definition": "Fellow physician (occupation)"
    },
    {
        "code": "1287641002",
        "display": "Oncologist",
        "definition": "Oncologist (occupation)"
    },
    {
        "code": "1268923002",
        "display": "Obstetric nurse",
        "definition": "Obstetric nurse (occupation)"
    },
    {
        "code": "1259964002",
        "display": "Oral medicine specialist",
        "definition": "Oral medicine specialist (occupation)"
    },
    {
        "code": "1259214004",
        "display": "Immunohemotherapy specialist",
        "definition": "Immunohemotherapy specialist (occupation)"
    },
    {
        "code": "1256114007",
        "display": "Nuclear medicine technologist",
        "definition": "Nuclear medicine technologist (occupation)"
    },
    {
        "code": "1255719001",
        "display": "Neurophysiology technician",
        "definition": "Neurophysiology technician (occupation)"
    },
    {
        "code": "1255519003",
        "display": "Cardiopulmonary technician",
        "definition": "Cardiopulmonary technician (occupation)"
    },
    {
        "code": "1255518006",
        "display": "Organizational and social psychologist",
        "definition": "Organizational and social psychologist (occupation)"
    },
    {
        "code": "1255517001",
        "display": "Intern in healthcare",
        "definition": "Intern in healthcare (occupation)"
    },
    {
        "code": "1255515009",
        "display": "Pharmacogenomics pharmacist",
        "definition": "Pharmacogenomics pharmacist (occupation)"
    },
    {
        "code": "1255514008",
        "display": "Regulatory affairs pharmacist",
        "definition": "Regulatory affairs pharmacist (occupation)"
    },
    {
        "code": "1255374004",
        "display": "Clinical nutritionist",
        "definition": "Clinical nutritionist (occupation)"
    },
    {
        "code": "1255373005",
        "display": "Specialist in traditional Chinese medicine",
        "definition": "Specialist in traditional Chinese medicine (occupation)"
    },
    {
        "code": "1255372000",
        "display": "Phytotherapist",
        "definition": "Phytotherapist (occupation)"
    },
    {
        "code": "1255371007",
        "display": "Specialist in homeopathy",
        "definition": "Specialist in homeopathy (occupation)"
    },
    {
        "code": "1255370008",
        "display": "Specialist in naturopathy",
        "definition": "Specialist in naturopathy (occupation)"
    },
    {
        "code": "1254984000",
        "display": "Rehabilitation nurse",
        "definition": "Rehabilitation nurse (occupation)"
    },
    {
        "code": "1254983006",
        "display": "Chronic care nurse",
        "definition": "Chronic care nurse (occupation)"
    },
    {
        "code": "1254982001",
        "display": "Medical surgical nurse",
        "definition": "Medical surgical nurse (occupation)"
    },
    {
        "code": "1251548000",
        "display": "Neuroradiologist",
        "definition": "Neuroradiologist (occupation)"
    },
    {
        "code": "1251542004",
        "display": "Medical coder",
        "definition": "Medical coder (occupation)"
    },
    {
        "code": "1251537007",
        "display": "Sport medicine specialist",
        "definition": "Sport medicine specialist (occupation)"
    },
    {
        "code": "1186914001",
        "display": "Intellectual disability nurse",
        "definition": "Intellectual disability nurse (occupation)"
    },
    {
        "code": "1186716007",
        "display": "Intellectual disability psychiatrist",
        "definition": "Intellectual disability psychiatrist (occupation)"
    },
    {
        "code": "1172950003",
        "display": "Massage therapist",
        "definition": "Massage therapist (occupation)"
    },
    {
        "code": "897187007",
        "display": "Sexual assault nurse examiner",
        "definition": "Sexual assault nurse examiner (occupation)"
    },
    {
        "code": "878787005",
        "display": "Anesthesia technician",
        "definition": "Anesthesia technician (occupation)"
    },
    {
        "code": "878786001",
        "display": "Operating room technician",
        "definition": "Operating room technician (occupation)"
    },
    {
        "code": "878785002",
        "display": "Clinical respiratory physiologist",
        "definition": "Clinical respiratory physiologist (occupation)"
    },
    {
        "code": "840584008",
        "display": "Allied health student",
        "definition": "Allied health student (occupation)"
    },
    {
        "code": "840583002",
        "display": "Allied health assistant",
        "definition": "Allied health assistant (occupation)"
    },
    {
        "code": "789543004",
        "display": "Sonographer",
        "definition": "Sonographer (occupation)"
    },
    {
        "code": "768839008",
        "display": "Consultant",
        "definition": "Consultant (occupation)"
    },
    {
        "code": "768837005",
        "display": "Hospitalist",
        "definition": "Hospitalist (occupation)"
    },
    {
        "code": "768836001",
        "display": "Patient navigator",
        "definition": "Patient navigator (occupation)"
    },
    {
        "code": "768834003",
        "display": "Disease manager",
        "definition": "Disease manager (occupation)"
    },
    {
        "code": "768833009",
        "display": "Discharging physician",
        "definition": "Discharging physician (occupation)"
    },
    {
        "code": "768832004",
        "display": "Case manager",
        "definition": "Case manager (occupation)"
    },
    {
        "code": "768829002",
        "display": "Community dietician",
        "definition": "Community dietician (occupation)"
    },
    {
        "code": "768828005",
        "display": "Epidemiologist",
        "definition": "Epidemiologist (occupation)"
    },
    {
        "code": "768827000",
        "display": "Nutritionist",
        "definition": "Nutritionist (occupation)"
    },
    {
        "code": "768826009",
        "display": "Crisis counselor",
        "definition": "Crisis counselor (occupation)"
    },
    {
        "code": "768825008",
        "display": "Doula",
        "definition": "Doula (occupation)"
    },
    {
        "code": "768819009",
        "display": "Medically responsible investigator",
        "definition": "Medically responsible investigator (occupation)"
    },
    {
        "code": "768732009",
        "display": "School health educator",
        "definition": "School health educator (occupation)"
    },
    {
        "code": "768731002",
        "display": "Home helper",
        "definition": "Home helper (occupation)"
    },
    {
        "code": "768730001",
        "display": "Home health aide",
        "definition": "Home health aide (occupation)"
    },
    {
        "code": "763292005",
        "display": "Radiation oncologist",
        "definition": "Radiation oncologist (occupation)"
    },
    {
        "code": "734294007",
        "display": "Pharmacist prescriber",
        "definition": "Pharmacist prescriber (occupation)"
    },
    {
        "code": "734293001",
        "display": "Clinical pharmacist",
        "definition": "Clinical pharmacist (occupation)"
    },
    {
        "code": "721943002",
        "display": "Clinical immunology and allergy specialist",
        "definition": "Clinical immunology and allergy specialist (occupation)"
    },
    {
        "code": "721942007",
        "display": "Cardiovascular perfusionist",
        "definition": "Cardiovascular perfusionist (occupation)"
    },
    {
        "code": "721941000",
        "display": "Health psychologist",
        "definition": "Health psychologist (occupation)"
    },
    {
        "code": "721940004",
        "display": "Legal medicine specialist",
        "definition": "Legal medicine specialist (occupation)"
    },
    {
        "code": "721939001",
        "display": "Angiologist",
        "definition": "Vascular medicine specialist (occupation)"
    },
    {
        "code": "721938009",
        "display": "Tropical medicine specialist",
        "definition": "Tropical medicine specialist (occupation)"
    },
    {
        "code": "721937004",
        "display": "Preventive medicine specialist",
        "definition": "Preventive medicine specialist (occupation)"
    },
    {
        "code": "721936008",
        "display": "Occupation medicine specialist",
        "definition": "Occupation medicine specialist (occupation)"
    },
    {
        "code": "720503005",
        "display": "Sleep medicine specialist",
        "definition": "Sleep medicine specialist (occupation)"
    },
    {
        "code": "471302004",
        "display": "Government midwife",
        "definition": "Government midwife (occupation)"
    },
    {
        "code": "449161006",
        "display": "Physician assistant",
        "definition": "Physician assistant (occupation)"
    },
    {
        "code": "446701002",
        "display": "Addiction medicine specialist",
        "definition": "Addiction medicine specialist (occupation)"
    },
    {
        "code": "446050000",
        "display": "Primary care physician",
        "definition": "Primary care physician (occupation)"
    },
    {
        "code": "445451001",
        "display": "Nurse case manager",
        "definition": "Nurse case manager (occupation)"
    },
    {
        "code": "445313000",
        "display": "Asthma nurse specialist",
        "definition": "Asthma nurse specialist (occupation)"
    },
    {
        "code": "444912007",
        "display": "Hypnotherapist",
        "definition": "Hypnotherapist (occupation)"
    },
    {
        "code": "443090005",
        "display": "Podiatric surgeon",
        "definition": "Podiatric surgeon (occupation)"
    },
    {
        "code": "442867008",
        "display": "Respiratory therapist",
        "definition": "Respiratory therapist (occupation)"
    },
    {
        "code": "432100008",
        "display": "Health coach",
        "definition": "Health coach (occupation)"
    },
    {
        "code": "422234006",
        "display": "Ophthalmologist",
        "definition": "Ophthalmologist (occupation)"
    },
    {
        "code": "422140007",
        "display": "Medical ophthalmologist",
        "definition": "Medical ophthalmologist (occupation)"
    },
    {
        "code": "421841007",
        "display": "Admitting physician",
        "definition": "Admitting physician (occupation)"
    },
    {
        "code": "420678001",
        "display": "Retinal surgeon",
        "definition": "Retinal surgeon (occupation)"
    },
    {
        "code": "420409002",
        "display": "Oculoplastic surgeon",
        "definition": "Oculoplastic surgeon (occupation)"
    },
    {
        "code": "416160000",
        "display": "Fellow of American Academy of Osteopathy",
        "definition": "Fellow of American Academy of Osteopathy (occupation)"
    },
    {
        "code": "415506007",
        "display": "Scrub nurse",
        "definition": "Scrub nurse (occupation)"
    },
    {
        "code": "415075003",
        "display": "Perioperative nurse",
        "definition": "Perioperative nurse (occupation)"
    },
    {
        "code": "413854007",
        "display": "Circulating nurse",
        "definition": "Circulating nurse (occupation)"
    },
    {
        "code": "409975003",
        "display": "Certified health education specialist",
        "definition": "Certified health education specialist (occupation)"
    },
    {
        "code": "409974004",
        "display": "Health educator",
        "definition": "Health educator (occupation)"
    },
    {
        "code": "408799001",
        "display": "Consultant neonatologist",
        "definition": "Consultant neonatologist (occupation)"
    },
    {
        "code": "408798009",
        "display": "Consultant pediatrician",
        "definition": "Consultant pediatrician (occupation)"
    },
    {
        "code": "405685006",
        "display": "Professional providing staff relief during surgical procedure",
        "definition": "Professional providing staff relief during surgical procedure (occupation)"
    },
    {
        "code": "405684005",
        "display": "Professional initiating surgical case",
        "definition": "Professional initiating surgical case (occupation)"
    },
    {
        "code": "405623001",
        "display": "Assigned practitioner",
        "definition": "Assigned practitioner (occupation)"
    },
    {
        "code": "405279007",
        "display": "Attending physician",
        "definition": "Attending physician (occupation)"
    },
    {
        "code": "405278004",
        "display": "Certified registered nurse anesthetist",
        "definition": "Certified registered nurse anesthetist (occupation)"
    },
    {
        "code": "405277009",
        "display": "Resident physician",
        "definition": "Resident physician (occupation)"
    },
    {
        "code": "404940000",
        "display": "Physiotherapist technical instructor",
        "definition": "Physiotherapist technical instructor (occupation)"
    },
    {
        "code": "398238009",
        "display": "Acting obstetric registrar",
        "definition": "Acting obstetric registrar (occupation)"
    },
    {
        "code": "398130009",
        "display": "Medical student",
        "definition": "Medical student (occupation)"
    },
    {
        "code": "397908005",
        "display": "Staff grade practitioner",
        "definition": "Staff grade practitioner (occupation)"
    },
    {
        "code": "397903001",
        "display": "Staff grade obstetrician",
        "definition": "Staff grade obstetrician (occupation)"
    },
    {
        "code": "397897005",
        "display": "Paramedic",
        "definition": "Paramedic (occupation)"
    },
    {
        "code": "394618009",
        "display": "Hospital nurse",
        "definition": "Hospital nurse (occupation)"
    },
    {
        "code": "394572006",
        "display": "Medical secretary",
        "definition": "Medical secretary (occupation)"
    },
    {
        "code": "387619007",
        "display": "Optician",
        "definition": "Optician (occupation)"
    },
    {
        "code": "372102007",
        "display": "Registered nurse first assist",
        "definition": "Registered nurse first assist (occupation)"
    },
    {
        "code": "312485001",
        "display": "Integrated midwife",
        "definition": "Integrated midwife (occupation)"
    },
    {
        "code": "311441001",
        "display": "School medical officer",
        "definition": "School medical officer (occupation)"
    },
    {
        "code": "310512001",
        "display": "Medical oncologist",
        "definition": "Medical oncologist (occupation)"
    },
    {
        "code": "310194009",
        "display": "Appliance officer",
        "definition": "Appliance officer (occupation)"
    },
    {
        "code": "310193003",
        "display": "Coroner",
        "definition": "Coroner (occupation)"
    },
    {
        "code": "310192008",
        "display": "Educational psychologist",
        "definition": "Educational psychologist (occupation)"
    },
    {
        "code": "310191001",
        "display": "Clinical psychologist",
        "definition": "Clinical psychologist (occupation)"
    },
    {
        "code": "310190000",
        "display": "Mental health counselor",
        "definition": "Mental health counselor (occupation)"
    },
    {
        "code": "310189009",
        "display": "Genetic counselor",
        "definition": "Genetic counselor (occupation)"
    },
    {
        "code": "310188001",
        "display": "Hospital midwife",
        "definition": "Hospital midwife (occupation)"
    },
    {
        "code": "310187006",
        "display": "Company nurse",
        "definition": "Company nurse (occupation)"
    },
    {
        "code": "310186002",
        "display": "Nurse psychotherapist",
        "definition": "Nurse psychotherapist (occupation)"
    },
    {
        "code": "310185003",
        "display": "Diabetic liaison nurse",
        "definition": "Diabetic liaison nurse (occupation)"
    },
    {
        "code": "310184004",
        "display": "Liaison nurse",
        "definition": "Liaison nurse (occupation)"
    },
    {
        "code": "310182000",
        "display": "General nurse",
        "definition": "General nurse (occupation)"
    },
    {
        "code": "310181007",
        "display": "Contact tracing nurse",
        "definition": "Contact tracing nurse (occupation)"
    },
    {
        "code": "310180008",
        "display": "Continence nurse",
        "definition": "Continence nurse (occupation)"
    },
    {
        "code": "310179005",
        "display": "Rheumatology nurse specialist",
        "definition": "Rheumatology nurse specialist (occupation)"
    },
    {
        "code": "310178002",
        "display": "Genitourinary nurse",
        "definition": "Genitourinary nurse (occupation)"
    },
    {
        "code": "310177007",
        "display": "Cardiac rehabilitation nurse",
        "definition": "Cardiac rehabilitation nurse (occupation)"
    },
    {
        "code": "310176003",
        "display": "Behavioral therapist nurse",
        "definition": "Behavioral therapist nurse (occupation)"
    },
    {
        "code": "310175004",
        "display": "Agency nurse",
        "definition": "Agency nurse (occupation)"
    },
    {
        "code": "310174000",
        "display": "Private doctor",
        "definition": "Private doctor (occupation)"
    },
    {
        "code": "310173006",
        "display": "Clinical pharmacologist",
        "definition": "Clinical pharmacologist (occupation)"
    },
    {
        "code": "310172001",
        "display": "Audiological physician",
        "definition": "Audiological physician (occupation)"
    },
    {
        "code": "310171008",
        "display": "Immunopathologist",
        "definition": "Immunopathologist (occupation)"
    },
    {
        "code": "310170009",
        "display": "Pediatric audiologist",
        "definition": "Pediatric audiologist (occupation)"
    },
    {
        "code": "309460000",
        "display": "Restorative dentist",
        "definition": "Restorative dentist (occupation)"
    },
    {
        "code": "309459005",
        "display": "Healthcare professional grade",
        "definition": "Healthcare professional grade (occupation)"
    },
    {
        "code": "309455004",
        "display": "Parentcraft sister",
        "definition": "Parentcraft sister (occupation)"
    },
    {
        "code": "309454000",
        "display": "Student midwife",
        "definition": "Student midwife (occupation)"
    },
    {
        "code": "309453006",
        "display": "Registered midwife",
        "definition": "Registered midwife (occupation)"
    },
    {
        "code": "309452001",
        "display": "Midwifery grade",
        "definition": "Midwifery grade (occupation)"
    },
    {
        "code": "309450009",
        "display": "Nurse administrator",
        "definition": "Nurse administrator (occupation)"
    },
    {
        "code": "309446002",
        "display": "Nurse manager",
        "definition": "Nurse manager (occupation)"
    },
    {
        "code": "309445003",
        "display": "Anesthetic nurse",
        "definition": "Anesthetic nurse (occupation)"
    },
    {
        "code": "309444004",
        "display": "Outreach nurse",
        "definition": "Outreach nurse (occupation)"
    },
    {
        "code": "309443005",
        "display": "Nurse lecturer practitioner",
        "definition": "Nurse lecturer practitioner (occupation)"
    },
    {
        "code": "309442000",
        "display": "Nurse teacher practitioner",
        "definition": "Nurse teacher practitioner (occupation)"
    },
    {
        "code": "309441007",
        "display": "Nurse tutor",
        "definition": "Nurse tutor (occupation)"
    },
    {
        "code": "309440008",
        "display": "Community practice nurse teacher",
        "definition": "Community practice nurse teacher (occupation)"
    },
    {
        "code": "309439006",
        "display": "Clinical nurse teacher",
        "definition": "Clinical nurse teacher (occupation)"
    },
    {
        "code": "309437008",
        "display": "Community learning disabilities nurse",
        "definition": "Community learning disabilities nurse (occupation)"
    },
    {
        "code": "309436004",
        "display": "Lymphedema nurse",
        "definition": "Lymphedema nurse (occupation)"
    },
    {
        "code": "309435000",
        "display": "Podiatry assistant",
        "definition": "Podiatry assistant (occupation)"
    },
    {
        "code": "309434001",
        "display": "Hospital-based podiatrist",
        "definition": "Hospital-based podiatrist (occupation)"
    },
    {
        "code": "309429000",
        "display": "Surgical fitter",
        "definition": "Surgical fitter (occupation)"
    },
    {
        "code": "309428008",
        "display": "Orthotist",
        "definition": "Orthotist (occupation)"
    },
    {
        "code": "309427003",
        "display": "Social services occupational therapist",
        "definition": "Social services occupational therapist (occupation)"
    },
    {
        "code": "309423004",
        "display": "Hospital-based occupational therapist",
        "definition": "Hospital-based occupational therapist (occupation)"
    },
    {
        "code": "309422009",
        "display": "Community-based occupational therapist",
        "definition": "Community-based occupational therapist (occupation)"
    },
    {
        "code": "309421002",
        "display": "Hearing aid dispenser",
        "definition": "Hearing aid dispenser (occupation)"
    },
    {
        "code": "309420001",
        "display": "Audiological scientist",
        "definition": "Audiological scientist (occupation)"
    },
    {
        "code": "309419007",
        "display": "Hearing therapist",
        "definition": "Hearing therapist (occupation)"
    },
    {
        "code": "309418004",
        "display": "Audiologist",
        "definition": "Audiologist (occupation)"
    },
    {
        "code": "309417009",
        "display": "Diabetes dietitian",
        "definition": "Diabetes dietitian (occupation)"
    },
    {
        "code": "309416000",
        "display": "Pediatric dietitian",
        "definition": "Pediatric dietitian (occupation)"
    },
    {
        "code": "309415001",
        "display": "Oncology dietitian",
        "definition": "Oncology dietitian (occupation)"
    },
    {
        "code": "309414002",
        "display": "Liver dietitian",
        "definition": "Liver dietitian (occupation)"
    },
    {
        "code": "309413008",
        "display": "Renal dietitian",
        "definition": "Renal dietitian (occupation)"
    },
    {
        "code": "309412003",
        "display": "Music therapist",
        "definition": "Music therapist (occupation)"
    },
    {
        "code": "309411005",
        "display": "Dance therapist",
        "definition": "Dance therapist (occupation)"
    },
    {
        "code": "309410006",
        "display": "Arts therapist",
        "definition": "Arts therapist (occupation)"
    },
    {
        "code": "309409001",
        "display": "Hospital-based speech and language therapist",
        "definition": "Hospital-based speech and language therapist (occupation)"
    },
    {
        "code": "309404006",
        "display": "Physiotherapy helper",
        "definition": "Physiotherapy helper (occupation)"
    },
    {
        "code": "309403000",
        "display": "Private physiotherapist",
        "definition": "Private physiotherapist (occupation)"
    },
    {
        "code": "309402005",
        "display": "Hospital-based physiotherapist",
        "definition": "Hospital-based physiotherapist (occupation)"
    },
    {
        "code": "309401003",
        "display": "GP-based physiotherapist",
        "definition": "General practitioner-based physiotherapist (occupation)"
    },
    {
        "code": "309400002",
        "display": "Domiciliary physiotherapist",
        "definition": "Domiciliary physiotherapist (occupation)"
    },
    {
        "code": "309399009",
        "display": "Hospital-based dietitian",
        "definition": "Hospital-based dietitian (occupation)"
    },
    {
        "code": "309398001",
        "display": "Profession allied to medicine",
        "definition": "Profession allied to medicine (occupation)"
    },
    {
        "code": "309397006",
        "display": "Research fellow",
        "definition": "Research fellow (occupation)"
    },
    {
        "code": "309396002",
        "display": "Associate specialist",
        "definition": "Associate specialist (occupation)"
    },
    {
        "code": "309395003",
        "display": "Hospital specialist",
        "definition": "Hospital specialist (occupation)"
    },
    {
        "code": "309394004",
        "display": "General practitioner principal",
        "definition": "General practitioner principal (occupation)"
    },
    {
        "code": "309393005",
        "display": "General practitioner grade",
        "definition": "General practitioner grade (occupation)"
    },
    {
        "code": "309392000",
        "display": "Research registrar",
        "definition": "Research registrar (occupation)"
    },
    {
        "code": "309391007",
        "display": "Visiting specialist registrar",
        "definition": "Visiting specialist registrar (occupation)"
    },
    {
        "code": "309390008",
        "display": "Hospital consultant",
        "definition": "Hospital consultant (occupation)"
    },
    {
        "code": "309389004",
        "display": "Medical practitioner grade",
        "definition": "Medical practitioner grade (occupation)"
    },
    {
        "code": "309388007",
        "display": "Vascular surgeon",
        "definition": "Vascular surgeon (occupation)"
    },
    {
        "code": "309386006",
        "display": "Trauma surgeon",
        "definition": "Trauma surgeon (occupation)"
    },
    {
        "code": "309385005",
        "display": "Transplant surgeon",
        "definition": "Transplant surgeon (occupation)"
    },
    {
        "code": "309384009",
        "display": "Pancreatic surgeon",
        "definition": "Pancreatic surgeon (occupation)"
    },
    {
        "code": "309383003",
        "display": "Pediatric surgeon",
        "definition": "Pediatric surgeon (occupation)"
    },
    {
        "code": "309382008",
        "display": "Ophthalmic surgeon",
        "definition": "Ophthalmic surgeon (occupation)"
    },
    {
        "code": "309381001",
        "display": "Hepatobiliary surgeon",
        "definition": "Hepatobiliary surgeon (occupation)"
    },
    {
        "code": "309380000",
        "display": "Hand surgeon",
        "definition": "Hand surgeon (occupation)"
    },
    {
        "code": "309379003",
        "display": "Colorectal surgeon",
        "definition": "Colorectal surgeon (occupation)"
    },
    {
        "code": "309378006",
        "display": "Upper gastrointestinal surgeon",
        "definition": "Upper gastrointestinal surgeon (occupation)"
    },
    {
        "code": "309377001",
        "display": "General gastrointestinal surgeon",
        "definition": "General gastrointestinal surgeon (occupation)"
    },
    {
        "code": "309376005",
        "display": "Gastrointestinal surgeon",
        "definition": "Gastrointestinal surgeon (occupation)"
    },
    {
        "code": "309375009",
        "display": "Pituitary surgeon",
        "definition": "Pituitary surgeon (occupation)"
    },
    {
        "code": "309374008",
        "display": "Thyroid surgeon",
        "definition": "Thyroid surgeon (occupation)"
    },
    {
        "code": "309373002",
        "display": "Endocrine surgeon",
        "definition": "Endocrine surgeon (occupation)"
    },
    {
        "code": "309372007",
        "display": "Ear, nose and throat surgeon",
        "definition": "Ear, nose and throat surgeon (occupation)"
    },
    {
        "code": "309371000",
        "display": "Cardiac surgeon",
        "definition": "Cardiac surgeon (occupation)"
    },
    {
        "code": "309369000",
        "display": "Cardiothoracic surgeon",
        "definition": "Cardiothoracic surgeon (occupation)"
    },
    {
        "code": "309368008",
        "display": "Breast surgeon",
        "definition": "Breast surgeon (occupation)"
    },
    {
        "code": "309367003",
        "display": "Obstetrician and gynecologist",
        "definition": "Obstetrician and gynecologist (occupation)"
    },
    {
        "code": "309366007",
        "display": "Rehabilitation psychiatrist",
        "definition": "Rehabilitation psychiatrist (occupation)"
    },
    {
        "code": "309364005",
        "display": "Psychogeriatrician",
        "definition": "Psychogeriatrician (occupation)"
    },
    {
        "code": "309363004",
        "display": "Liaison psychiatrist",
        "definition": "Liaison psychiatrist (occupation)"
    },
    {
        "code": "309362009",
        "display": "Forensic psychiatrist",
        "definition": "Forensic psychiatrist (occupation)"
    },
    {
        "code": "309361002",
        "display": "Child and adolescent psychiatrist",
        "definition": "Child and adolescent psychiatrist (occupation)"
    },
    {
        "code": "309360001",
        "display": "Rehabilitation physician",
        "definition": "Rehabilitation physician (occupation)"
    },
    {
        "code": "309359006",
        "display": "Palliative care physician",
        "definition": "Palliative care physician (occupation)"
    },
    {
        "code": "309358003",
        "display": "Genitourinary medicine physician",
        "definition": "Genitourinary medicine physician (occupation)"
    },
    {
        "code": "309357008",
        "display": "Clinical molecular geneticist",
        "definition": "Clinical molecular geneticist (occupation)"
    },
    {
        "code": "309356004",
        "display": "Clinical cytogeneticist",
        "definition": "Clinical cytogeneticist (occupation)"
    },
    {
        "code": "309355000",
        "display": "Clinical geneticist",
        "definition": "Clinical geneticist (occupation)"
    },
    {
        "code": "309354001",
        "display": "Thyroidologist",
        "definition": "Thyroidologist (occupation)"
    },
    {
        "code": "309353007",
        "display": "Reproductive endocrinologist",
        "definition": "Reproductive endocrinologist (occupation)"
    },
    {
        "code": "309352002",
        "display": "Neuroendocrinologist",
        "definition": "Neuroendocrinologist (occupation)"
    },
    {
        "code": "309351009",
        "display": "Andrologist",
        "definition": "Andrologist (occupation)"
    },
    {
        "code": "309350005",
        "display": "Diabetologist",
        "definition": "Diabetologist (occupation)"
    },
    {
        "code": "309349005",
        "display": "Clinical physiologist",
        "definition": "Clinical physiologist (occupation)"
    },
    {
        "code": "309348002",
        "display": "Clinical neurophysiologist",
        "definition": "Clinical neurophysiologist (occupation)"
    },
    {
        "code": "309347007",
        "display": "Clinical hematologist",
        "definition": "Clinical hematologist (occupation)"
    },
    {
        "code": "309346003",
        "display": "Thoracic physician",
        "definition": "Thoracic physician (occupation)"
    },
    {
        "code": "309345004",
        "display": "Chest physician",
        "definition": "Chest physician (occupation)"
    },
    {
        "code": "309343006",
        "display": "Physician",
        "definition": "Physician (occupation)"
    },
    {
        "code": "309342001",
        "display": "Histopathologist",
        "definition": "Histopathologist (occupation)"
    },
    {
        "code": "309341008",
        "display": "Blood transfusion doctor",
        "definition": "Blood transfusion doctor (occupation)"
    },
    {
        "code": "309340009",
        "display": "Pediatric intensive care specialist",
        "definition": "Pediatric intensive care specialist (occupation)"
    },
    {
        "code": "309339007",
        "display": "Adult intensive care specialist",
        "definition": "Adult intensive care specialist (occupation)"
    },
    {
        "code": "309338004",
        "display": "Intensive care specialist",
        "definition": "Intensive care specialist (occupation)"
    },
    {
        "code": "309337009",
        "display": "Pain management specialist",
        "definition": "Pain management specialist (occupation)"
    },
    {
        "code": "309336000",
        "display": "Pediatric oncologist",
        "definition": "Pediatric oncologist (occupation)"
    },
    {
        "code": "309335001",
        "display": "Pediatric rheumatologist",
        "definition": "Pediatric rheumatologist (occupation)"
    },
    {
        "code": "309334002",
        "display": "Pediatric neurologist",
        "definition": "Pediatric neurologist (occupation)"
    },
    {
        "code": "309333008",
        "display": "Pediatric nephrologist",
        "definition": "Pediatric nephrologist (occupation)"
    },
    {
        "code": "309332003",
        "display": "Pediatric gastroenterologist",
        "definition": "Pediatric gastroenterologist (occupation)"
    },
    {
        "code": "309331005",
        "display": "Pediatric endocrinologist",
        "definition": "Pediatric endocrinologist (occupation)"
    },
    {
        "code": "309330006",
        "display": "Pediatric cardiologist",
        "definition": "Pediatric cardiologist (occupation)"
    },
    {
        "code": "309329001",
        "display": "Community pediatrician",
        "definition": "Community pediatrician (occupation)"
    },
    {
        "code": "309328009",
        "display": "Ambulatory pediatrician",
        "definition": "Ambulatory pediatrician (occupation)"
    },
    {
        "code": "309327004",
        "display": "General practitioner registrar",
        "definition": "General practitioner registrar (occupation)"
    },
    {
        "code": "309326008",
        "display": "Deputizing general practitioner",
        "definition": "Deputizing general practitioner (occupation)"
    },
    {
        "code": "309324006",
        "display": "General practitioner assistant",
        "definition": "General practitioner assistant (occupation)"
    },
    {
        "code": "309323000",
        "display": "Partner of general practitioner",
        "definition": "Partner of general practitioner (occupation)"
    },
    {
        "code": "309322005",
        "display": "Associate general practitioner",
        "definition": "Associate general practitioner (occupation)"
    },
    {
        "code": "309296004",
        "display": "Family planning doctor",
        "definition": "Family planning doctor (occupation)"
    },
    {
        "code": "309295000",
        "display": "Clinical oncologist",
        "definition": "Clinical oncologist (occupation)"
    },
    {
        "code": "309294001",
        "display": "Emergency department physician",
        "definition": "Emergency department physician (occupation)"
    },
    {
        "code": "308002005",
        "display": "Remedial therapist",
        "definition": "Remedial therapist (occupation)"
    },
    {
        "code": "307988006",
        "display": "Medical technician",
        "definition": "Medical technician (occupation)"
    },
    {
        "code": "304292004",
        "display": "Surgeon",
        "definition": "Surgeon (occupation)"
    },
    {
        "code": "304291006",
        "display": "Bereavement counselor",
        "definition": "Bereavement counselor (occupation)"
    },
    {
        "code": "303134001",
        "display": "Independent doctor",
        "definition": "Independent doctor (occupation)"
    },
    {
        "code": "303133007",
        "display": "Responsible medical officer",
        "definition": "Responsible medical officer (occupation)"
    },
    {
        "code": "303129000",
        "display": "Hospital manager",
        "definition": "Hospital manager (occupation)"
    },
    {
        "code": "303124005",
        "display": "Member of mental health review tribunal",
        "definition": "Member of mental health review tribunal (occupation)"
    },
    {
        "code": "302211009",
        "display": "Specialist registrar",
        "definition": "Specialist registrar (occupation)"
    },
    {
        "code": "283875005",
        "display": "Parkinson's disease nurse",
        "definition": "Parkinson's disease nurse (occupation)"
    },
    {
        "code": "265939002",
        "display": "Medical/dental technicians",
        "definition": "Medical/dental technicians (occupation)"
    },
    {
        "code": "265937000",
        "display": "Nursing occupation",
        "definition": "Nursing occupation (occupation)"
    },
    {
        "code": "225727002",
        "display": "Midwife counselor",
        "definition": "Midwife counselor (occupation)"
    },
    {
        "code": "225726006",
        "display": "Lactation consultant",
        "definition": "Lactation consultant (occupation)"
    },
    {
        "code": "224936003",
        "display": "General practitioner locum",
        "definition": "General practitioner locum (occupation)"
    },
    {
        "code": "224626008",
        "display": "Interpreter for Signs supporting English",
        "definition": "Interpreter for Signs supporting English (occupation)"
    },
    {
        "code": "224625007",
        "display": "Interpreter for British sign language",
        "definition": "Interpreter for British sign language (occupation)"
    },
    {
        "code": "224624006",
        "display": "Lipspeaker",
        "definition": "Lipspeaker (occupation)"
    },
    {
        "code": "224623000",
        "display": "Cuer",
        "definition": "Cuer (occupation)"
    },
    {
        "code": "224622005",
        "display": "Note taker",
        "definition": "Note taker (occupation)"
    },
    {
        "code": "224621003",
        "display": "Palantypist",
        "definition": "Palantypist (occupation)"
    },
    {
        "code": "224620002",
        "display": "Human aid to communication",
        "definition": "Human aid to communication (occupation)"
    },
    {
        "code": "224615002",
        "display": "Research nurse",
        "definition": "Research nurse (occupation)"
    },
    {
        "code": "224614003",
        "display": "Research associate",
        "definition": "Research associate (occupation)"
    },
    {
        "code": "224610007",
        "display": "Supporting services personnel",
        "definition": "Supporting services personnel (occupation)"
    },
    {
        "code": "224609002",
        "display": "Complementary health worker",
        "definition": "Complementary health worker (occupation)"
    },
    {
        "code": "224608005",
        "display": "Administrative healthcare staff",
        "definition": "Administrative healthcare staff (occupation)"
    },
    {
        "code": "224607000",
        "display": "Occupational therapy technical instructor",
        "definition": "Occupational therapy technical instructor (occupation)"
    },
    {
        "code": "224606009",
        "display": "Technical healthcare occupation",
        "definition": "Technical healthcare occupation (occupation)"
    },
    {
        "code": "224604007",
        "display": "Audiometrician",
        "definition": "Audiometrician (occupation)"
    },
    {
        "code": "224603001",
        "display": "Foot care worker",
        "definition": "Foot care worker (occupation)"
    },
    {
        "code": "224602006",
        "display": "Community-based podiatrist",
        "definition": "Community-based podiatrist (occupation)"
    },
    {
        "code": "224601004",
        "display": "Assistant psychologist",
        "definition": "Assistant psychologist (occupation)"
    },
    {
        "code": "224600003",
        "display": "Psychoanalyst",
        "definition": "Psychoanalyst (occupation)"
    },
    {
        "code": "224599001",
        "display": "Trained personnel counselor",
        "definition": "Trained personnel counselor (occupation)"
    },
    {
        "code": "224598009",
        "display": "Trained social worker counselor",
        "definition": "Trained social worker counselor (occupation)"
    },
    {
        "code": "224597004",
        "display": "Trained nurse counselor",
        "definition": "Trained nurse counselor (occupation)"
    },
    {
        "code": "224596008",
        "display": "Marriage guidance counselor",
        "definition": "Marriage guidance counselor (occupation)"
    },
    {
        "code": "224595007",
        "display": "Professional counselor",
        "definition": "Professional counselor (occupation)"
    },
    {
        "code": "224594006",
        "display": "Speech and language assistant",
        "definition": "Speech/language assistant (occupation)"
    },
    {
        "code": "224593000",
        "display": "Community-based speech and language therapist",
        "definition": "Community-based speech/language therapist (occupation)"
    },
    {
        "code": "224592005",
        "display": "Play leader",
        "definition": "Play leader (occupation)"
    },
    {
        "code": "224591003",
        "display": "Play specialist",
        "definition": "Play specialist (occupation)"
    },
    {
        "code": "224590002",
        "display": "Play therapist",
        "definition": "Play therapist (occupation)"
    },
    {
        "code": "224589006",
        "display": "Community-based physiotherapist",
        "definition": "Community-based physiotherapist (occupation)"
    },
    {
        "code": "224588003",
        "display": "Psychotherapist",
        "definition": "Psychotherapist (occupation)"
    },
    {
        "code": "224587008",
        "display": "Occupational therapy helper",
        "definition": "Occupational therapy helper (occupation)"
    },
    {
        "code": "224586004",
        "display": "Domiciliary occupational therapist",
        "definition": "Domiciliary occupational therapist (occupation)"
    },
    {
        "code": "224585000",
        "display": "Drama therapist",
        "definition": "Drama therapist (occupation)"
    },
    {
        "code": "224584001",
        "display": "Behavior therapy assistant",
        "definition": "Behavior therapy assistant (occupation)"
    },
    {
        "code": "224583007",
        "display": "Behavior therapist",
        "definition": "Behavior therapist (occupation)"
    },
    {
        "code": "224581009",
        "display": "Community nurse manager",
        "definition": "Community nurse manager (occupation)"
    },
    {
        "code": "224580005",
        "display": "Occupational health service manager",
        "definition": "Occupational health service manager (occupation)"
    },
    {
        "code": "224579007",
        "display": "Healthcare service manager",
        "definition": "Healthcare service manager (occupation)"
    },
    {
        "code": "224578004",
        "display": "Nursery nurse",
        "definition": "Nursery nurse (occupation)"
    },
    {
        "code": "224577009",
        "display": "Healthcare assistant",
        "definition": "Healthcare assistant (occupation)"
    },
    {
        "code": "224576000",
        "display": "Nursing assistant",
        "definition": "Nursing assistant (occupation)"
    },
    {
        "code": "224575001",
        "display": "Nursing team leader",
        "definition": "Nursing team leader (occupation)"
    },
    {
        "code": "224574002",
        "display": "Ward manager",
        "definition": "Ward manager (occupation)"
    },
    {
        "code": "224573008",
        "display": "Charge nurse",
        "definition": "Charge nurse (occupation)"
    },
    {
        "code": "224572003",
        "display": "Nursing sister",
        "definition": "Nursing sister (occupation)"
    },
    {
        "code": "224571005",
        "display": "Nurse practitioner",
        "definition": "Nurse practitioner (occupation)"
    },
    {
        "code": "224570006",
        "display": "Clinical nurse specialist",
        "definition": "Clinical nurse specialist (occupation)"
    },
    {
        "code": "224569005",
        "display": "Nurse grade",
        "definition": "Nurse grade (occupation)"
    },
    {
        "code": "224567007",
        "display": "Tissue viability nurse",
        "definition": "Tissue viability nurse (occupation)"
    },
    {
        "code": "224566003",
        "display": "Hemodialysis nurse",
        "definition": "Hemodialysis nurse (occupation)"
    },
    {
        "code": "224565004",
        "display": "Renal nurse",
        "definition": "Renal nurse (occupation)"
    },
    {
        "code": "224564000",
        "display": "Community mental health nurse",
        "definition": "Community mental health nurse (occupation)"
    },
    {
        "code": "224563006",
        "display": "Mental health nurse",
        "definition": "Mental health nurse (occupation)"
    },
    {
        "code": "224562001",
        "display": "Pediatric nurse",
        "definition": "Pediatric nurse (occupation)"
    },
    {
        "code": "224560009",
        "display": "Stoma care nurse",
        "definition": "Stoma care nurse (occupation)"
    },
    {
        "code": "224559004",
        "display": "Recovery nurse",
        "definition": "Recovery nurse (occupation)"
    },
    {
        "code": "224558007",
        "display": "Radiotherapy nurse",
        "definition": "Radiotherapy nurse (occupation)"
    },
    {
        "code": "224557002",
        "display": "Chemotherapy nurse",
        "definition": "Chemotherapy nurse (occupation)"
    },
    {
        "code": "224556006",
        "display": "Palliative care nurse",
        "definition": "Palliative care nurse (occupation)"
    },
    {
        "code": "224555005",
        "display": "Pain control nurse",
        "definition": "Pain control nurse (occupation)"
    },
    {
        "code": "224554009",
        "display": "Marie Curie nurse",
        "definition": "Marie Curie nurse (occupation)"
    },
    {
        "code": "224552008",
        "display": "Oncology nurse",
        "definition": "Oncology nurse (occupation)"
    },
    {
        "code": "224551001",
        "display": "Industrial nurse",
        "definition": "Industrial nurse (occupation)"
    },
    {
        "code": "224550000",
        "display": "Neurology nurse",
        "definition": "Neurology nurse (occupation)"
    },
    {
        "code": "224549000",
        "display": "Neonatal nurse",
        "definition": "Neonatal nurse (occupation)"
    },
    {
        "code": "224548008",
        "display": "Learning disabilities nurse",
        "definition": "Learning disabilities nurse (occupation)"
    },
    {
        "code": "224547003",
        "display": "Intensive therapy nurse",
        "definition": "Intensive therapy nurse (occupation)"
    },
    {
        "code": "224546007",
        "display": "Infection control nurse",
        "definition": "Infection control nurse (occupation)"
    },
    {
        "code": "224545006",
        "display": "Care of the elderly nurse",
        "definition": "Care of the elderly nurse (occupation)"
    },
    {
        "code": "224544005",
        "display": "Family planning nurse",
        "definition": "Family planning nurse (occupation)"
    },
    {
        "code": "224543004",
        "display": "Diabetic nurse",
        "definition": "Diabetic nurse (occupation)"
    },
    {
        "code": "224542009",
        "display": "Coronary care nurse",
        "definition": "Coronary care nurse (occupation)"
    },
    {
        "code": "224541002",
        "display": "Nursing continence advisor",
        "definition": "Nursing continence advisor (occupation)"
    },
    {
        "code": "224540001",
        "display": "Community nurse",
        "definition": "Community nurse (occupation)"
    },
    {
        "code": "224538006",
        "display": "Triage nurse",
        "definition": "Triage nurse (occupation)"
    },
    {
        "code": "224537001",
        "display": "Accident and Emergency nurse",
        "definition": "Accident and Emergency nurse (occupation)"
    },
    {
        "code": "224536005",
        "display": "Midwifery tutor",
        "definition": "Midwifery tutor (occupation)"
    },
    {
        "code": "224535009",
        "display": "Registered nurse",
        "definition": "Registered nurse (occupation)"
    },
    {
        "code": "224534008",
        "display": "Health visitors, nurses and midwives",
        "definition": "Health visitor, nurse/midwife (occupation)"
    },
    {
        "code": "224533002",
        "display": "Medical officer",
        "definition": "Medical officer (occupation)"
    },
    {
        "code": "224532007",
        "display": "Senior house officer",
        "definition": "Senior house officer (occupation)"
    },
    {
        "code": "224531000",
        "display": "Registrar",
        "definition": "Registrar (occupation)"
    },
    {
        "code": "224530004",
        "display": "Senior registrar",
        "definition": "Senior registrar (occupation)"
    },
    {
        "code": "224529009",
        "display": "Clinical assistant",
        "definition": "Clinical assistant (occupation)"
    },
    {
        "code": "160008000",
        "display": "Dental technician",
        "definition": "Dental technician (occupation)"
    },
    {
        "code": "159972006",
        "display": "Surgical corset fitter",
        "definition": "Surgical corset fitter (occupation)"
    },
    {
        "code": "159141008",
        "display": "Geneticist",
        "definition": "Geneticist (occupation)"
    },
    {
        "code": "159041005",
        "display": "Trainee medical technician",
        "definition": "Trainee medical technician (occupation)"
    },
    {
        "code": "159040006",
        "display": "Pharmacy technician",
        "definition": "Pharmacy technician (occupation)"
    },
    {
        "code": "159039009",
        "display": "Audiology technician",
        "definition": "Audiology technician (occupation)"
    },
    {
        "code": "159038001",
        "display": "Artificial limb fitter",
        "definition": "Artificial limb fitter (occupation)"
    },
    {
        "code": "159037006",
        "display": "EEG technician",
        "definition": "Electroencephalogram technician (occupation)"
    },
    {
        "code": "159036002",
        "display": "ECG technician",
        "definition": "Electrocardiogram technician (occupation)"
    },
    {
        "code": "159035003",
        "display": "Dental auxiliary",
        "definition": "Dental auxiliary (occupation)"
    },
    {
        "code": "159034004",
        "display": "Podiatrist",
        "definition": "Podiatrist (occupation)"
    },
    {
        "code": "159033005",
        "display": "Dietitian",
        "definition": "Dietitian (occupation)"
    },
    {
        "code": "159028006",
        "display": "Trainee remedial therapist",
        "definition": "Trainee remedial therapist (occupation)"
    },
    {
        "code": "159027001",
        "display": "Orthoptist",
        "definition": "Orthoptist (occupation)"
    },
    {
        "code": "159026005",
        "display": "Speech and language therapist",
        "definition": "Speech/language therapist (occupation)"
    },
    {
        "code": "159025009",
        "display": "Remedial gymnast",
        "definition": "Remedial gymnast (occupation)"
    },
    {
        "code": "159022007",
        "display": "Trainee optician",
        "definition": "Trainee optician (occupation)"
    },
    {
        "code": "159021000",
        "display": "Ophthalmic optician",
        "definition": "Ophthalmic optician (occupation)"
    },
    {
        "code": "159019005",
        "display": "Trainee radiographer",
        "definition": "Trainee radiographer (occupation)"
    },
    {
        "code": "159018002",
        "display": "Radiotherapist",
        "definition": "Therapeutic radiographer (occupation)"
    },
    {
        "code": "159017007",
        "display": "Diagnostic radiographer",
        "definition": "Diagnostic radiographer (occupation)"
    },
    {
        "code": "159016003",
        "display": "Medical radiographer",
        "definition": "Medical radiographer (occupation)"
    },
    {
        "code": "159014000",
        "display": "Trainee pharmacist",
        "definition": "Trainee pharmacist (occupation)"
    },
    {
        "code": "159012001",
        "display": "Industrial pharmacist",
        "definition": "Industrial pharmacist (occupation)"
    },
    {
        "code": "159011008",
        "display": "Community pharmacist",
        "definition": "Retail pharmacist (occupation)"
    },
    {
        "code": "159010009",
        "display": "Hospital pharmacist",
        "definition": "Hospital pharmacist (occupation)"
    },
    {
        "code": "159007002",
        "display": "Community pediatric nurse",
        "definition": "Community pediatric nurse (occupation)"
    },
    {
        "code": "159006006",
        "display": "Dental nurse",
        "definition": "Dental nurse (occupation)"
    },
    {
        "code": "159005005",
        "display": "Student nurse",
        "definition": "Student nurse (occupation)"
    },
    {
        "code": "159004009",
        "display": "Nurse teacher",
        "definition": "Nurse teacher (occupation)"
    },
    {
        "code": "159003003",
        "display": "School nurse",
        "definition": "School nurse (occupation)"
    },
    {
        "code": "159002008",
        "display": "Practice nurse",
        "definition": "Practice nurse (occupation)"
    },
    {
        "code": "159001001",
        "display": "Clinic nurse",
        "definition": "Clinic nurse (occupation)"
    },
    {
        "code": "158999002",
        "display": "Community midwife",
        "definition": "Community midwife (occupation)"
    },
    {
        "code": "158998005",
        "display": "Private nurse",
        "definition": "Private nurse (occupation)"
    },
    {
        "code": "158997000",
        "display": "District nurse",
        "definition": "District nurse (occupation)"
    },
    {
        "code": "158996009",
        "display": "State enrolled nurse",
        "definition": "State enrolled nurse (occupation)"
    },
    {
        "code": "158995008",
        "display": "Staff midwife",
        "definition": "Staff midwife (occupation)"
    },
    {
        "code": "158994007",
        "display": "Staff nurse",
        "definition": "Staff nurse (occupation)"
    },
    {
        "code": "158993001",
        "display": "Nursing sister (theatre)",
        "definition": "Nursing sister (theater) (occupation)"
    },
    {
        "code": "158992006",
        "display": "Midwifery sister",
        "definition": "Midwifery sister (occupation)"
    },
    {
        "code": "158990003",
        "display": "Nursing officer",
        "definition": "Nursing officer (occupation)"
    },
    {
        "code": "158989007",
        "display": "Occupational health nursing officer",
        "definition": "Occupational health nursing officer (occupation)"
    },
    {
        "code": "158988004",
        "display": "Nurse education director",
        "definition": "Nurse education director (occupation)"
    },
    {
        "code": "158987009",
        "display": "Nursing officer - division",
        "definition": "Nursing officer - division (occupation)"
    },
    {
        "code": "158986000",
        "display": "Nursing administrator - professional body",
        "definition": "Nursing administrator - professional body (occupation)"
    },
    {
        "code": "158985001",
        "display": "Nursing officer - district",
        "definition": "Nursing officer - district (occupation)"
    },
    {
        "code": "158984002",
        "display": "Nursing officer - region",
        "definition": "Nursing officer - region (occupation)"
    },
    {
        "code": "158983008",
        "display": "Nurse administrator - national",
        "definition": "Nurse administrator - national (occupation)"
    },
    {
        "code": "158980006",
        "display": "Dental practitioner - teaching",
        "definition": "Dental practitioner - teaching (occupation)"
    },
    {
        "code": "158979008",
        "display": "Dental general practitioner",
        "definition": "Dental general practitioner (occupation)"
    },
    {
        "code": "158978000",
        "display": "Dental consultant",
        "definition": "Dental consultant (occupation)"
    },
    {
        "code": "158977005",
        "display": "Dental administrator",
        "definition": "Dental administrator (occupation)"
    },
    {
        "code": "158975002",
        "display": "Medical practitioner - teaching",
        "definition": "Medical practitioner - teaching (occupation)"
    },
    {
        "code": "158974003",
        "display": "Clinical medical officer",
        "definition": "Clinical medical officer (occupation)"
    },
    {
        "code": "158973009",
        "display": "Occupational physician",
        "definition": "Occupational physician (occupation)"
    },
    {
        "code": "158972004",
        "display": "House officer",
        "definition": "House officer (occupation)"
    },
    {
        "code": "158971006",
        "display": "Hospital registrar",
        "definition": "Hospital registrar (occupation)"
    },
    {
        "code": "158969006",
        "display": "Consultant gynecology and obstetrics",
        "definition": "Consultant gynecology/obstetrics (occupation)"
    },
    {
        "code": "158968003",
        "display": "Consultant surgeon",
        "definition": "Consultant surgeon (occupation)"
    },
    {
        "code": "158967008",
        "display": "Consultant physician",
        "definition": "Consultant physician (occupation)"
    },
    {
        "code": "158966004",
        "display": "Medical administrator - national",
        "definition": "Medical administrator - national (occupation)"
    },
    {
        "code": "158965000",
        "display": "Medical practitioner",
        "definition": "Medical practitioner (occupation)"
    },
    {
        "code": "106330007",
        "display": "Philologist, translator AND/OR interpreter",
        "definition": "Philologist, translator/interpreter (occupation)"
    },
    {
        "code": "106294002",
        "display": "Midwifery personnel",
        "definition": "Midwifery personnel (occupation)"
    },
    {
        "code": "106293008",
        "display": "Nursing personnel",
        "definition": "Nursing personnel (occupation)"
    },
    {
        "code": "106292003",
        "display": "Professional nurse",
        "definition": "Professional nurse (occupation)"
    },
    {
        "code": "106289002",
        "display": "Dentist",
        "definition": "Dentist (occupation)"
    },
    {
        "code": "90655003",
        "display": "Geriatrics specialist",
        "definition": "Geriatrics specialist (occupation)"
    },
    {
        "code": "90201008",
        "display": "Pedodontist",
        "definition": "Pedodontist (occupation)"
    },
    {
        "code": "88189002",
        "display": "Anesthesiologist",
        "definition": "Anesthesiologist (occupation)"
    },
    {
        "code": "85733003",
        "display": "General pathologist",
        "definition": "General pathologist (occupation)"
    },
    {
        "code": "83685006",
        "display": "Gynecologist",
        "definition": "Gynecologist (occupation)"
    },
    {
        "code": "83273008",
        "display": "Anatomic pathologist",
        "definition": "Anatomic pathologist (occupation)"
    },
    {
        "code": "82296001",
        "display": "Pediatrician",
        "definition": "Pediatrician (occupation)"
    },
    {
        "code": "81464008",
        "display": "Clinical pathologist",
        "definition": "Clinical pathologist (occupation)"
    },
    {
        "code": "80933006",
        "display": "Nuclear medicine specialist",
        "definition": "Nuclear medicine specialist (occupation)"
    },
    {
        "code": "80584001",
        "display": "Psychiatrist",
        "definition": "Psychiatrist (occupation)"
    },
    {
        "code": "80546007",
        "display": "Occupational therapist",
        "definition": "Occupational therapist (occupation)"
    },
    {
        "code": "80409005",
        "display": "Translator",
        "definition": "Translator (occupation)"
    },
    {
        "code": "79898004",
        "display": "Auxiliary midwife",
        "definition": "Auxiliary midwife (occupation)"
    },
    {
        "code": "78729002",
        "display": "Diagnostic radiologist",
        "definition": "Diagnostic radiologist (occupation)"
    },
    {
        "code": "78703002",
        "display": "General surgeon",
        "definition": "General surgeon (occupation)"
    },
    {
        "code": "76899008",
        "display": "Infectious disease specialist",
        "definition": "Infectious disease specialist (occupation)"
    },
    {
        "code": "76231001",
        "display": "Osteopath",
        "definition": "Osteopath (occupation)"
    },
    {
        "code": "76166008",
        "display": "Practical aid (pharmacy)",
        "definition": "Practical aid (pharmacy) (occupation)"
    },
    {
        "code": "75271001",
        "display": "Professional midwife",
        "definition": "Professional midwife (occupation)"
    },
    {
        "code": "73265009",
        "display": "Nursing aid",
        "definition": "Nursing aid (occupation)"
    },
    {
        "code": "71838004",
        "display": "Gastroenterologist",
        "definition": "Gastroenterologist (occupation)"
    },
    {
        "code": "69280009",
        "display": "Specialized physician",
        "definition": "Specialized physician (occupation)"
    },
    {
        "code": "68950000",
        "display": "Prosthodontist",
        "definition": "Prosthodontist (occupation)"
    },
    {
        "code": "68867008",
        "display": "Public health dentist",
        "definition": "Public health dentist (occupation)"
    },
    {
        "code": "66862007",
        "display": "Radiologist",
        "definition": "Radiologist (occupation)"
    },
    {
        "code": "66476003",
        "display": "Oral pathologist",
        "definition": "Oral pathologist (occupation)"
    },
    {
        "code": "63098009",
        "display": "Clinical immunologist",
        "definition": "Clinical immunologist (occupation)"
    },
    {
        "code": "62247001",
        "display": "Family medicine specialist",
        "definition": "Family medicine specialist (occupation)"
    },
    {
        "code": "61894003",
        "display": "Endocrinologist",
        "definition": "Endocrinologist (occupation)"
    },
    {
        "code": "61345009",
        "display": "Otorhinolaryngologist",
        "definition": "Otorhinolaryngologist (occupation)"
    },
    {
        "code": "61246008",
        "display": "Laboratory medicine specialist",
        "definition": "Laboratory medicine specialist (occupation)"
    },
    {
        "code": "61207006",
        "display": "Medical pathologist",
        "definition": "Medical pathologist (occupation)"
    },
    {
        "code": "60008001",
        "display": "Public health nutritionist",
        "definition": "Public health nutritionist (occupation)"
    },
    {
        "code": "59944000",
        "display": "Psychologist",
        "definition": "Psychologist (occupation)"
    },
    {
        "code": "59317003",
        "display": "Dental prosthesis maker and repairer",
        "definition": "Dental prosthesis maker and repairer (occupation)"
    },
    {
        "code": "59169001",
        "display": "Orthopedic technician",
        "definition": "Orthopedic technician (occupation)"
    },
    {
        "code": "59058001",
        "display": "General physician",
        "definition": "General physician (occupation)"
    },
    {
        "code": "57654006",
        "display": "Fixed prosthodontist",
        "definition": "Fixed prosthodontist (occupation)"
    },
    {
        "code": "56545009",
        "display": "Cardiovascular surgeon",
        "definition": "Cardiovascular surgeon (occupation)"
    },
    {
        "code": "56542007",
        "display": "Medical record administrator",
        "definition": "Medical record administrator (occupation)"
    },
    {
        "code": "56466003",
        "display": "Public health physician",
        "definition": "Public health physician (occupation)"
    },
    {
        "code": "56397003",
        "display": "Neurologist",
        "definition": "Neurologist (occupation)"
    },
    {
        "code": "54503009",
        "display": "Faith healer",
        "definition": "Faith healer (occupation)"
    },
    {
        "code": "50149000",
        "display": "Endodontist",
        "definition": "Endodontist (occupation)"
    },
    {
        "code": "49993003",
        "display": "Oral surgeon",
        "definition": "Oral surgeon (occupation)"
    },
    {
        "code": "49203003",
        "display": "Dispensing optician",
        "definition": "Dispensing optician (occupation)"
    },
    {
        "code": "48740002",
        "display": "Philologist",
        "definition": "Philologist (occupation)"
    },
    {
        "code": "46255001",
        "display": "Pharmacist",
        "definition": "Pharmacist (occupation)"
    },
    {
        "code": "45956004",
        "display": "Sanitarian",
        "definition": "Sanitarian (occupation)"
    },
    {
        "code": "45544007",
        "display": "Neurosurgeon",
        "definition": "Neurosurgeon (occupation)"
    },
    {
        "code": "45440000",
        "display": "Rheumatologist",
        "definition": "Rheumatologist (occupation)"
    },
    {
        "code": "44652006",
        "display": "Pharmaceutical assistant",
        "definition": "Pharmaceutical assistant (occupation)"
    },
    {
        "code": "43702002",
        "display": "Occupational health nurse",
        "definition": "Occupational health nurse (occupation)"
    },
    {
        "code": "41904004",
        "display": "Medical X-ray technician",
        "definition": "Medical X-ray technician (occupation)"
    },
    {
        "code": "41672002",
        "display": "Pulmonologist",
        "definition": "Respiratory disease specialist (occupation)"
    },
    {
        "code": "40570005",
        "display": "Interpreter",
        "definition": "Interpreter (occupation)"
    },
    {
        "code": "40204001",
        "display": "Hematologist",
        "definition": "Hematologist (occupation)"
    },
    {
        "code": "40127002",
        "display": "Dietitian (general)",
        "definition": "Dietitian (general) (occupation)"
    },
    {
        "code": "39677007",
        "display": "Internal medicine specialist",
        "definition": "Internal medicine specialist (occupation)"
    },
    {
        "code": "37504001",
        "display": "Orthodontist",
        "definition": "Orthodontist (occupation)"
    },
    {
        "code": "37154003",
        "display": "Periodontist",
        "definition": "Periodontist (occupation)"
    },
    {
        "code": "36682004",
        "display": "Physiotherapist",
        "definition": "Physiotherapist (occupation)"
    },
    {
        "code": "28544002",
        "display": "Medical biochemist",
        "definition": "Medical biochemist (occupation)"
    },
    {
        "code": "28411006",
        "display": "Neonatologist",
        "definition": "Neonatologist (occupation)"
    },
    {
        "code": "28229004",
        "display": "Optometrist",
        "definition": "Optometrist (occupation)"
    },
    {
        "code": "26369006",
        "display": "Public health nurse",
        "definition": "Public health nurse (occupation)"
    },
    {
        "code": "26042002",
        "display": "Dental hygienist",
        "definition": "Dental hygienist (occupation)"
    },
    {
        "code": "25961008",
        "display": "Electroencephalography specialist",
        "definition": "Electroencephalography specialist (occupation)"
    },
    {
        "code": "24590004",
        "display": "Urologist",
        "definition": "Urologist (occupation)"
    },
    {
        "code": "24430003",
        "display": "Physical medicine specialist",
        "definition": "Physical medicine specialist (occupation)"
    },
    {
        "code": "23278007",
        "display": "Community health physician",
        "definition": "Community health physician (occupation)"
    },
    {
        "code": "22983004",
        "display": "Thoracic surgeon",
        "definition": "Thoracic surgeon (occupation)"
    },
    {
        "code": "22731001",
        "display": "Orthopedic surgeon",
        "definition": "Orthopedic surgeon (occupation)"
    },
    {
        "code": "22515006",
        "display": "Medical assistant",
        "definition": "Medical assistant (occupation)"
    },
    {
        "code": "21450003",
        "display": "Neuropsychiatrist",
        "definition": "Neuropsychiatrist (occupation)"
    },
    {
        "code": "21365001",
        "display": "Specialized dentist",
        "definition": "Specialized dentist (occupation)"
    },
    {
        "code": "20145008",
        "display": "Removable prosthodontist",
        "definition": "Removable prosthodontist (occupation)"
    },
    {
        "code": "19244007",
        "display": "Gerodontist",
        "definition": "Gerodontist (occupation)"
    },
    {
        "code": "18850004",
        "display": "Laboratory hematologist",
        "definition": "Laboratory hematologist (occupation)"
    },
    {
        "code": "18803008",
        "display": "Dermatologist",
        "definition": "Dermatologist (occupation)"
    },
    {
        "code": "17561000",
        "display": "Cardiologist",
        "definition": "Cardiologist (occupation)"
    },
    {
        "code": "14698002",
        "display": "Medical microbiologist",
        "definition": "Medical microbiologist (occupation)"
    },
    {
        "code": "13580004",
        "display": "School dental assistant",
        "definition": "School dental assistant (occupation)"
    },
    {
        "code": "11935004",
        "display": "Obstetrician",
        "definition": "Obstetrician (occupation)"
    },
    {
        "code": "11911009",
        "display": "Nephrologist",
        "definition": "Nephrologist (occupation)"
    },
    {
        "code": "11661002",
        "display": "Neuropathologist",
        "definition": "Neuropathologist (occupation)"
    },
    {
        "code": "8724009",
        "display": "Plastic surgeon",
        "definition": "Plastic surgeon (occupation)"
    },
    {
        "code": "6868009",
        "display": "Hospital administrator",
        "definition": "Hospital administrator (occupation)"
    },
    {
        "code": "6816002",
        "display": "Specialized nurse",
        "definition": "Specialized nurse (occupation)"
    },
    {
        "code": "5275007",
        "display": "Auxiliary nurse",
        "definition": "Auxiliary nurse (occupation)"
    },
    {
        "code": "4162009",
        "display": "Dental assistant",
        "definition": "Dental assistant (occupation)"
    },
    {
        "code": "3842006",
        "display": "Chiropractor",
        "definition": "Chiropractor (occupation)"
    },
    {
        "code": "3430008",
        "display": "Radiation therapist",
        "definition": "Radiation therapist (occupation)"
    },
    {
        "code": "1421009",
        "display": "Specialized surgeon",
        "definition": "Specialized surgeon (occupation)"
    }
]