[
    {
        "code": "129264002",
        "display": "Action"
    },
    {
        "code": "129265001",
        "display": "Evaluation - action"
    },
    {
        "code": "129266000",
        "display": "Measurement - action"
    },
    {
        "code": "129267009",
        "display": "Administrative action"
    },
    {
        "code": "129268004",
        "display": "Observation - action"
    },
    {
        "code": "129269007",
        "display": "Assisting - action"
    },
    {
        "code": "129271007",
        "display": "Management - action"
    },
    {
        "code": "129272000",
        "display": "Stimulation - action"
    },
    {
        "code": "129273005",
        "display": "Admission - action"
    },
    {
        "code": "129274004",
        "display": "Discharge - action"
    },
    {
        "code": "129275003",
        "display": "Administrative transfer - action (qualifier value)"
    },
    {
        "code": "129276002",
        "display": "Referral - action"
    },
    {
        "code": "129277006",
        "display": "Administrative disposition - action"
    },
    {
        "code": "129278001",
        "display": "Audit - action"
    },
    {
        "code": "129279009",
        "display": "Medicolegal action"
    },
    {
        "code": "129280007",
        "display": "Medicolegal testimony - action"
    },
    {
        "code": "129283009",
        "display": "Training - action"
    },
    {
        "code": "129284003",
        "display": "Surgical action"
    },
    {
        "code": "129286001",
        "display": "Microsurgery - action"
    },
    {
        "code": "129287005",
        "display": "Incision - action"
    },
    {
        "code": "129289008",
        "display": "Drainage - action"
    },
    {
        "code": "129291000",
        "display": "Drilling - action"
    },
    {
        "code": "129292007",
        "display": "Evacuation - action"
    },
    {
        "code": "129293002",
        "display": "Dissection - action"
    },
    {
        "code": "129294008",
        "display": "Discission - action"
    },
    {
        "code": "129295009",
        "display": "Slitting - action"
    },
    {
        "code": "129296005",
        "display": "Bisection - action"
    },
    {
        "code": "129297001",
        "display": "Bifurcation - action"
    },
    {
        "code": "129298006",
        "display": "Division - action"
    },
    {
        "code": "129299003",
        "display": "Release - action"
    },
    {
        "code": "129300006",
        "display": "Puncture - action"
    },
    {
        "code": "129301005",
        "display": "Scarification - action"
    },
    {
        "code": "129303008",
        "display": "Removal - action"
    },
    {
        "code": "129304002",
        "display": "Excision - action"
    },
    {
        "code": "129305001",
        "display": "Wedge resection - action"
    },
    {
        "code": "129306000",
        "display": "Surgical removal - action"
    },
    {
        "code": "129307009",
        "display": "Expulsion - action"
    },
    {
        "code": "129308004",
        "display": "Reexcision - action"
    },
    {
        "code": "129309007",
        "display": "Amputation - action"
    },
    {
        "code": "129310002",
        "display": "Transfixion - action"
    },
    {
        "code": "129311003",
        "display": "Evisceration - action"
    },
    {
        "code": "129312005",
        "display": "Enucleation - action"
    },
    {
        "code": "129313000",
        "display": "Trephination - action"
    },
    {
        "code": "129314006",
        "display": "Biopsy - action"
    },
    {
        "code": "129315007",
        "display": "Incisional biopsy - action"
    },
    {
        "code": "129316008",
        "display": "Aspiration - action"
    },
    {
        "code": "129317004",
        "display": "Debridement - action"
    },
    {
        "code": "129318009",
        "display": "Saucerization - action"
    },
    {
        "code": "129319001",
        "display": "Curettage - action"
    },
    {
        "code": "129321006",
        "display": "Trimming - action"
    },
    {
        "code": "129322004",
        "display": "Shaving - action"
    },
    {
        "code": "129323009",
        "display": "Scraping - action"
    },
    {
        "code": "129324003",
        "display": "Filleting - action"
    },
    {
        "code": "129325002",
        "display": "Introduction - action"
    },
    {
        "code": "129326001",
        "display": "Injection - action"
    },
    {
        "code": "129327005",
        "display": "Tattooing - action"
    },
    {
        "code": "129328000",
        "display": "Inflation - action"
    },
    {
        "code": "129330003",
        "display": "Infusion - action"
    },
    {
        "code": "129331004",
        "display": "Perfusion - action"
    },
    {
        "code": "129332006",
        "display": "Irrigation - action"
    },
    {
        "code": "129333001",
        "display": "Insufflation - action"
    },
    {
        "code": "129334007",
        "display": "Instillation - action"
    },
    {
        "code": "129335008",
        "display": "Embolization - action"
    },
    {
        "code": "129336009",
        "display": "Implantation - action"
    },
    {
        "code": "129337000",
        "display": "Reimplantation - action"
    },
    {
        "code": "129338005",
        "display": "Surgical implantation - action"
    },
    {
        "code": "129339002",
        "display": "Intubation - action"
    },
    {
        "code": "129340000",
        "display": "Sounding - action"
    },
    {
        "code": "129344009",
        "display": "Surgical recession - action"
    },
    {
        "code": "129345005",
        "display": "Resection-recession - action"
    },
    {
        "code": "129346006",
        "display": "Radial incision - action"
    },
    {
        "code": "129347002",
        "display": "Surgical transfer - action"
    },
    {
        "code": "129348007",
        "display": "Z-plasty - action"
    },
    {
        "code": "129349004",
        "display": "Surgical lengthening - action"
    },
    {
        "code": "129350004",
        "display": "Surgical shortening - action"
    },
    {
        "code": "129351000",
        "display": "Surgical augmentation - action"
    },
    {
        "code": "129352007",
        "display": "Surgical advancement - action"
    },
    {
        "code": "129353002",
        "display": "Suspension and fixation - action"
    },
    {
        "code": "129354008",
        "display": "Exteriorization - action"
    },
    {
        "code": "129355009",
        "display": "Marsupialization - action"
    },
    {
        "code": "129356005",
        "display": "Reinforcement - action"
    },
    {
        "code": "129357001",
        "display": "Closure - action"
    },
    {
        "code": "129358006",
        "display": "Layered closure - action"
    },
    {
        "code": "129360008",
        "display": "Oversewing - action"
    },
    {
        "code": "129366002",
        "display": "Closure by buckling - action"
    },
    {
        "code": "129368001",
        "display": "Cerclage - action"
    },
    {
        "code": "129369009",
        "display": "Ligation - action"
    },
    {
        "code": "129371009",
        "display": "Fixation - action"
    },
    {
        "code": "129372002",
        "display": "Cryopexy - action"
    },
    {
        "code": "129373007",
        "display": "Plication - action"
    },
    {
        "code": "129374001",
        "display": "Imbrication - action"
    },
    {
        "code": "129376004",
        "display": "Construction - action"
    },
    {
        "code": "129377008",
        "display": "Reconstruction - action"
    },
    {
        "code": "129378003",
        "display": "Stabilization - action"
    },
    {
        "code": "129379006",
        "display": "Fusion - action"
    },
    {
        "code": "129380009",
        "display": "Anchoring - action"
    },
    {
        "code": "129381008",
        "display": "Enlargement - action"
    },
    {
        "code": "129382001",
        "display": "Destruction - action"
    },
    {
        "code": "129383006",
        "display": "Avulsion - action"
    },
    {
        "code": "129384000",
        "display": "Decortication - action"
    },
    {
        "code": "129385004",
        "display": "Stripping - action"
    },
    {
        "code": "129386003",
        "display": "Stripping and ligation - action"
    },
    {
        "code": "129387007",
        "display": "Abrasion - action"
    },
    {
        "code": "129388002",
        "display": "Salabrasion - action"
    },
    {
        "code": "129389005",
        "display": "Grinding - action"
    },
    {
        "code": "129390001",
        "display": "Coagulation - action"
    },
    {
        "code": "129391002",
        "display": "Obliteration - action"
    },
    {
        "code": "129392009",
        "display": "Cauterization - action"
    },
    {
        "code": "129393004",
        "display": "Cryosurgery - action"
    },
    {
        "code": "129394005",
        "display": "Thermocautery - action"
    },
    {
        "code": "129395006",
        "display": "Fulguration - action"
    },
    {
        "code": "129396007",
        "display": "Electrodesiccation - action"
    },
    {
        "code": "129397003",
        "display": "Electrocoagulation - action"
    },
    {
        "code": "129398008",
        "display": "Galvanocauterization - action"
    },
    {
        "code": "129399000",
        "display": "Electrodestruction - action"
    },
    {
        "code": "129400007",
        "display": "Crushing - action"
    },
    {
        "code": "129401006",
        "display": "Fragmentation - action"
    },
    {
        "code": "129402004",
        "display": "Emulsification - action"
    },
    {
        "code": "129403009",
        "display": "Chemosurgery - action"
    },
    {
        "code": "129404003",
        "display": "Chemocautery - action"
    },
    {
        "code": "129405002",
        "display": "Photocoagulation - action"
    },
    {
        "code": "129406001",
        "display": "Transplantation - action"
    },
    {
        "code": "129407005",
        "display": "Grafting - action"
    },
    {
        "code": "129408000",
        "display": "Manipulation - action"
    },
    {
        "code": "129409008",
        "display": "Mobilization - action"
    },
    {
        "code": "129410003",
        "display": "Remobilization - action"
    },
    {
        "code": "129411004",
        "display": "Traction - action"
    },
    {
        "code": "129412006",
        "display": "Manual reduction - action"
    },
    {
        "code": "129413001",
        "display": "Elevation - action"
    },
    {
        "code": "129414007",
        "display": "Instrumental elevation - action"
    },
    {
        "code": "129415008",
        "display": "Extraction - action"
    },
    {
        "code": "129416009",
        "display": "Surgical extraction - action"
    },
    {
        "code": "129418005",
        "display": "Expression - action"
    },
    {
        "code": "129419002",
        "display": "Dilation - action"
    },
    {
        "code": "129420008",
        "display": "Stretching - action"
    },
    {
        "code": "129421007",
        "display": "Dilation and stretching - action"
    },
    {
        "code": "129423005",
        "display": "Bougienage - action"
    },
    {
        "code": "129424004",
        "display": "Fitting - action"
    },
    {
        "code": "129425003",
        "display": "Application - action"
    },
    {
        "code": "129426002",
        "display": "Adjustment - action"
    },
    {
        "code": "129427006",
        "display": "Reduction - action"
    },
    {
        "code": "129430004",
        "display": "Consultation - action"
    },
    {
        "code": "129431000",
        "display": "History taking - action"
    },
    {
        "code": "129433002",
        "display": "Inspection - action"
    },
    {
        "code": "129434008",
        "display": "Palpation - action"
    },
    {
        "code": "129435009",
        "display": "Percussion - action"
    },
    {
        "code": "129436005",
        "display": "Auscultation - action"
    },
    {
        "code": "129437001",
        "display": "Optical transillumination - action"
    },
    {
        "code": "129438006",
        "display": "Prescription - action"
    },
    {
        "code": "129441002",
        "display": "Counseling - action"
    },
    {
        "code": "129442009",
        "display": "Iontophoresis - action"
    },
    {
        "code": "129443004",
        "display": "Electrolysis - action"
    },
    {
        "code": "129445006",
        "display": "Administration - action"
    },
    {
        "code": "129449000",
        "display": "Functional assessment - action"
    },
    {
        "code": "183648002",
        "display": "Long-term assistance"
    },
    {
        "code": "245854003",
        "display": "Proximal anastomosis"
    },
    {
        "code": "245855002",
        "display": "Distal anastomosis"
    },
    {
        "code": "255595002",
        "display": "Debulking - action"
    },
    {
        "code": "256644001",
        "display": "Darning - action"
    },
    {
        "code": "257729003",
        "display": "Ablation"
    },
    {
        "code": "257730008",
        "display": "Chemical destruction"
    },
    {
        "code": "257739009",
        "display": "Open adjustment"
    },
    {
        "code": "257741005",
        "display": "Anastomosis"
    },
    {
        "code": "257742003",
        "display": "Direct anastomosis - action"
    },
    {
        "code": "257743008",
        "display": "Lecompte maneuver (qualifier value)"
    },
    {
        "code": "257744002",
        "display": "End-to-end anastomosis"
    },
    {
        "code": "257745001",
        "display": "Double barreled end-to-end anastomosis - action (qualifier value)"
    },
    {
        "code": "257746000",
        "display": "End-to-side anastomosis"
    },
    {
        "code": "257747009",
        "display": "Roux-en-Y"
    },
    {
        "code": "257748004",
        "display": "End-to-side anastomosis without tunnel"
    },
    {
        "code": "257749007",
        "display": "End-to-side anastomosis with tunnel"
    },
    {
        "code": "257750007",
        "display": "Side-to-side anastomosis"
    },
    {
        "code": "257751006",
        "display": "Wallace 1969 side-to-end anastomosis - action (qualifier value)"
    },
    {
        "code": "257759008",
        "display": "FNA - Fine needle aspiration"
    },
    {
        "code": "257768005",
        "display": "Binding - action"
    },
    {
        "code": "257777003",
        "display": "Chemical inactivation"
    },
    {
        "code": "257778008",
        "display": "Chemodissolution"
    },
    {
        "code": "257780002",
        "display": "Mass closure"
    },
    {
        "code": "257781003",
        "display": "Interrupted mass closure"
    },
    {
        "code": "257782005",
        "display": "Continuous mass closure"
    },
    {
        "code": "257783000",
        "display": "Thermocoagulation"
    },
    {
        "code": "257784006",
        "display": "Semm thermal coagulation"
    },
    {
        "code": "257785007",
        "display": "Wolf thermal coagulation"
    },
    {
        "code": "257786008",
        "display": "Cryotherapy - action"
    },
    {
        "code": "257788009",
        "display": "Delamination"
    },
    {
        "code": "257789001",
        "display": "Hydrodelamination"
    },
    {
        "code": "257791009",
        "display": "Desiccation - action"
    },
    {
        "code": "257802002",
        "display": "Anterior displacement"
    },
    {
        "code": "257803007",
        "display": "Posterior displacement"
    },
    {
        "code": "257804001",
        "display": "Lateral displacement"
    },
    {
        "code": "257805000",
        "display": "Medial displacement"
    },
    {
        "code": "257806004",
        "display": "Close rectal dissection"
    },
    {
        "code": "257808003",
        "display": "Ultrasonic dissection"
    },
    {
        "code": "257811002",
        "display": "External drainage"
    },
    {
        "code": "257817003",
        "display": "Digital evacuation"
    },
    {
        "code": "257821005",
        "display": "Manual expression"
    },
    {
        "code": "257822003",
        "display": "Extracapsular extraction"
    },
    {
        "code": "257824002",
        "display": "Intracapsular extraction"
    },
    {
        "code": "257825001",
        "display": "Fenestration - action"
    },
    {
        "code": "257846005",
        "display": "Ballistic fragmentation"
    },
    {
        "code": "257850003",
        "display": "Mechanical fragmentation"
    },
    {
        "code": "257855008",
        "display": "Electromagnetic pulse fragmentation"
    },
    {
        "code": "257857000",
        "display": "Galvanism"
    },
    {
        "code": "257859002",
        "display": "High intensity focused ultrasound"
    },
    {
        "code": "257863009",
        "display": "Radioactive destruction"
    },
    {
        "code": "257867005",
        "display": "Insertion - action (qualifier value)"
    },
    {
        "code": "257878002",
        "display": "Keeling - action"
    },
    {
        "code": "257880008",
        "display": "Localization"
    },
    {
        "code": "257884004",
        "display": "Immobilization - action"
    },
    {
        "code": "257885003",
        "display": "Occlusion"
    },
    {
        "code": "257886002",
        "display": "Operative ultrasound"
    },
    {
        "code": "257889009",
        "display": "Padding"
    },
    {
        "code": "257890000",
        "display": "Peeling - action"
    },
    {
        "code": "257893003",
        "display": "Pressure - action"
    },
    {
        "code": "257894009",
        "display": "One handed pressure"
    },
    {
        "code": "257895005",
        "display": "Two handed pressure"
    },
    {
        "code": "257897002",
        "display": "Realignment - action"
    },
    {
        "code": "257903006",
        "display": "Repair - action"
    },
    {
        "code": "257905004",
        "display": "Keel repair"
    },
    {
        "code": "257906003",
        "display": "Mayo repair"
    },
    {
        "code": "257907007",
        "display": "Patching - action"
    },
    {
        "code": "257911001",
        "display": "Repair of recurrence"
    },
    {
        "code": "257912008",
        "display": "Rotation - action"
    },
    {
        "code": "257913003",
        "display": "IR - Internal rotation"
    },
    {
        "code": "257914009",
        "display": "External rotation"
    },
    {
        "code": "257915005",
        "display": "Sampling"
    },
    {
        "code": "257916006",
        "display": "Bilateral sampling"
    },
    {
        "code": "257917002",
        "display": "Bilateral sequential sampling"
    },
    {
        "code": "257918007",
        "display": "Bilateral simultaneous sampling"
    },
    {
        "code": "257926004",
        "display": "Unilateral sampling"
    },
    {
        "code": "257928003",
        "display": "Segmentation"
    },
    {
        "code": "257933004",
        "display": "Tamponade - action"
    },
    {
        "code": "257935006",
        "display": "Tapering - action"
    },
    {
        "code": "257937003",
        "display": "Soft tissue transfer"
    },
    {
        "code": "257938008",
        "display": "Transfer of bone block"
    },
    {
        "code": "257940003",
        "display": "Transposition - action"
    },
    {
        "code": "258061005",
        "display": "Photic stimulation"
    },
    {
        "code": "260222006",
        "display": "SPECT"
    },
    {
        "code": "261027000",
        "display": "Sequential anastomosis"
    },
    {
        "code": "261191006",
        "display": "Open extraction"
    },
    {
        "code": "261197005",
        "display": "Doppler color flow"
    },
    {
        "code": "261198000",
        "display": "Doppler continuous wave"
    },
    {
        "code": "261199008",
        "display": "Doppler pulsed"
    },
    {
        "code": "261391004",
        "display": "Resurfacing - action"
    },
    {
        "code": "261498006",
        "display": "Bone-patellar tendon-bone reconstruction"
    },
    {
        "code": "261499003",
        "display": "Braided prosthetic ligament reconstruction"
    },
    {
        "code": "261518005",
        "display": "Cystodiathermy"
    },
    {
        "code": "261519002",
        "display": "Diathermy excision"
    },
    {
        "code": "261526002",
        "display": "Electromagnetic fragmentation"
    },
    {
        "code": "261545006",
        "display": "Loop diathermy excision"
    },
    {
        "code": "261553003",
        "display": "REDY - Regeneration of dialysate"
    },
    {
        "code": "261569005",
        "display": "Thermocompaction"
    },
    {
        "code": "261576000",
        "display": "Ultrasound fragmentation"
    },
    {
        "code": "262143007",
        "display": "Side-to-end anastomosis"
    },
    {
        "code": "263720003",
        "display": "Compression"
    },
    {
        "code": "264592006",
        "display": "Intravesical drug therapy"
    },
    {
        "code": "264594007",
        "display": "Laser - action"
    },
    {
        "code": "264730003",
        "display": "Lateral rotation"
    },
    {
        "code": "264739002",
        "display": "Medial rotation"
    },
    {
        "code": "272381008",
        "display": "Microvascular anastomosis - action"
    },
    {
        "code": "274392008",
        "display": "EUA - Examination under anesthetic"
    },
    {
        "code": "276734006",
        "display": "Mechanical assistance"
    },
    {
        "code": "277261002",
        "display": "Excision biopsy"
    },
    {
        "code": "277607009",
        "display": "Digital removal"
    },
    {
        "code": "277763000",
        "display": "Refashioning"
    },
    {
        "code": "277851003",
        "display": "Conduit anastomosis"
    },
    {
        "code": "277852005",
        "display": "Reservoir anastomosis"
    },
    {
        "code": "278110001",
        "display": "Radiographic imaging"
    },
    {
        "code": "278292003",
        "display": "Ultrasound imaging"
    },
    {
        "code": "278312000",
        "display": "Reattachment - action"
    },
    {
        "code": "278313005",
        "display": "Regeneration"
    },
    {
        "code": "278420002",
        "display": "Sealing"
    },
    {
        "code": "281609006",
        "display": "Cryoablation - action"
    },
    {
        "code": "281613004",
        "display": "Decompression - action"
    },
    {
        "code": "281615006",
        "display": "Exploration - action"
    },
    {
        "code": "281698007",
        "display": "Cryocautery - action"
    },
    {
        "code": "281767003",
        "display": "Manual dilatation"
    },
    {
        "code": "281838007",
        "display": "Disarticulation - action"
    },
    {
        "code": "281839004",
        "display": "Exenteration"
    },
    {
        "code": "282015008",
        "display": "Shave biopsy - action"
    },
    {
        "code": "282089006",
        "display": "Replacement - action"
    },
    {
        "code": "282722008",
        "display": "Ultrasound destruction"
    },
    {
        "code": "286553006",
        "display": "Plastic operation"
    },
    {
        "code": "286637000",
        "display": "Block dissection"
    },
    {
        "code": "286792001",
        "display": "Denervation"
    },
    {
        "code": "287682008",
        "display": "Application of caustics"
    },
    {
        "code": "288324002",
        "display": "Eversion - action"
    },
    {
        "code": "288466002",
        "display": "Diathermy incision"
    },
    {
        "code": "288468001",
        "display": "Disimpaction - action"
    },
    {
        "code": "289928003",
        "display": "Reduction plasty"
    },
    {
        "code": "289930001",
        "display": "Enzyme destruction"
    },
    {
        "code": "289936007",
        "display": "Shave excision"
    },
    {
        "code": "289938008",
        "display": "Microsurgical repair"
    },
    {
        "code": "290001001",
        "display": "Recession - action"
    },
    {
        "code": "297179000",
        "display": "Microsurgical anastomosis"
    },
    {
        "code": "297183000",
        "display": "Revascularization"
    },
    {
        "code": "298053008",
        "display": "Devascularization - action"
    },
    {
        "code": "298116000",
        "display": "Application of substance"
    },
    {
        "code": "299712004",
        "display": "Osteoclasis - action"
    },
    {
        "code": "299893001",
        "display": "Interposition anastomosis - action"
    },
    {
        "code": "302193003",
        "display": "Actions by modality"
    },
    {
        "code": "302196006",
        "display": "Freeing - action"
    },
    {
        "code": "302199004",
        "display": "Examination - action"
    },
    {
        "code": "302204005",
        "display": "Ultrasound - action"
    },
    {
        "code": "302205006",
        "display": "Microwave - action"
    },
    {
        "code": "303893007",
        "display": "Functional modification"
    },
    {
        "code": "303894001",
        "display": "Structural modification"
    },
    {
        "code": "303955003",
        "display": "Transfusion - action"
    },
    {
        "code": "303996000",
        "display": "Terminalization"
    },
    {
        "code": "303998004",
        "display": "Unused action values"
    },
    {
        "code": "304054006",
        "display": "Structural support - action"
    },
    {
        "code": "304904003",
        "display": "Manual evacuation"
    },
    {
        "code": "312236008",
        "display": "Duplex ultrasound"
    },
    {
        "code": "312250003",
        "display": "Magnetic resonance imaging"
    },
    {
        "code": "312251004",
        "display": "Computed tomography technique"
    },
    {
        "code": "312254007",
        "display": "Plain X-ray imaging"
    },
    {
        "code": "312275004",
        "display": "Fluoroscopic imaging"
    },
    {
        "code": "312336005",
        "display": "Opening - action"
    },
    {
        "code": "312337001",
        "display": "Thermography imaging"
    },
    {
        "code": "312421008",
        "display": "Radionuclide imaging"
    },
    {
        "code": "312883004",
        "display": "Desensitization - action"
    },
    {
        "code": "313029009",
        "display": "Brachytherapy - action"
    },
    {
        "code": "360017003",
        "display": "Clipping - action"
    },
    {
        "code": "360018008",
        "display": "Stimulus dosing technique"
    },
    {
        "code": "360020006",
        "display": "Extirpation - action"
    },
    {
        "code": "360021005",
        "display": "Bypass - action"
    },
    {
        "code": "360025001",
        "display": "Harvesting - action"
    },
    {
        "code": "360027009",
        "display": "Interposition - action"
    },
    {
        "code": "360028004",
        "display": "Surgical biopsy - action"
    },
    {
        "code": "360029007",
        "display": "Nonsurgical biopsy - action"
    },
    {
        "code": "360032005",
        "display": "Flap reconstruction - action"
    },
    {
        "code": "360037004",
        "display": "Imaging - action"
    },
    {
        "code": "360038009",
        "display": "Gluing - action"
    },
    {
        "code": "360051004",
        "display": "Surgical toilet"
    },
    {
        "code": "360060007",
        "display": "Approximation - action"
    },
    {
        "code": "360082000",
        "display": "Apposition - action"
    },
    {
        "code": "360084004",
        "display": "Septation - action"
    },
    {
        "code": "360087006",
        "display": "Indirect anastomosis - action"
    },
    {
        "code": "360146007",
        "display": "Repositioning - action"
    },
    {
        "code": "360147003",
        "display": "Attention - action"
    },
    {
        "code": "360148008",
        "display": "Obstetric action"
    },
    {
        "code": "360149000",
        "display": "Delivery - action"
    },
    {
        "code": "360150000",
        "display": "Inlay replacement - action"
    },
    {
        "code": "360152008",
        "display": "Monitoring - action"
    },
    {
        "code": "360153003",
        "display": "Take impression - action"
    },
    {
        "code": "360154009",
        "display": "Try-in of device - action"
    },
    {
        "code": "360160009",
        "display": "Checking - action"
    },
    {
        "code": "360161008",
        "display": "Induction - action"
    },
    {
        "code": "360163006",
        "display": "Infiltration - action"
    },
    {
        "code": "360165004",
        "display": "Apheresis - action"
    },
    {
        "code": "360166003",
        "display": "Filtration - action"
    },
    {
        "code": "360220002",
        "display": "Mapping - action"
    },
    {
        "code": "360222005",
        "display": "Massage - action"
    },
    {
        "code": "360223000",
        "display": "Cine imaging - action"
    },
    {
        "code": "360226008",
        "display": "Electrical discharge - action"
    },
    {
        "code": "360231005",
        "display": "Video imaging - action"
    },
    {
        "code": "360232003",
        "display": "Spectroscopy - action"
    },
    {
        "code": "360239007",
        "display": "Termination - action"
    },
    {
        "code": "360240009",
        "display": "Connection - action"
    },
    {
        "code": "360270004",
        "display": "Therapy - action"
    },
    {
        "code": "360272007",
        "display": "Discussion - action"
    },
    {
        "code": "360273002",
        "display": "Provision - action"
    },
    {
        "code": "360314001",
        "display": "Cutting - action"
    },
    {
        "code": "360315000",
        "display": "Filing - action"
    },
    {
        "code": "360323003",
        "display": "Restore - action"
    },
    {
        "code": "360324009",
        "display": "Obturation - action"
    },
    {
        "code": "360325005",
        "display": "Simple removal - action"
    },
    {
        "code": "360393008",
        "display": "Disinsertion - action"
    },
    {
        "code": "362939006",
        "display": "Dissolution - action"
    },
    {
        "code": "363659002",
        "display": "Pacing - action"
    },
    {
        "code": "363678002",
        "display": "Positron emission tomographic imaging"
    },
    {
        "code": "367529003",
        "display": "Lending - action"
    },
    {
        "code": "367558000",
        "display": "Contouring - action"
    },
    {
        "code": "367559008",
        "display": "Preparation - action"
    },
    {
        "code": "367642006",
        "display": "Inversion - action"
    },
    {
        "code": "367740008",
        "display": "Suspension - action"
    },
    {
        "code": "369242005",
        "display": "Hyfrecation - action"
    },
    {
        "code": "386746003",
        "display": "Maintenance - action (qualifier value)"
    },
    {
        "code": "399009009",
        "display": "B mode ultrasound (qualifier value)"
    },
    {
        "code": "399015009",
        "display": "Tomographic imaging, plain radiologic - action (qualifier value)"
    },
    {
        "code": "399035005",
        "display": "Tomographic imaging - action (qualifier value)"
    },
    {
        "code": "399064001",
        "display": "Two dimensional mode ultrasound - action (qualifier value)"
    },
    {
        "code": "399155008",
        "display": "M-mode ultrasound (qualifier value)"
    },
    {
        "code": "410460000",
        "display": "Illumination - action (qualifier value)"
    },
    {
        "code": "410461001",
        "display": "Dual diffuse direct illumination - action (qualifier value)"
    },
    {
        "code": "410462008",
        "display": "Fine slit beam direct illumination - action (qualifier value)"
    },
    {
        "code": "410463003",
        "display": "Broad tangential direct illumination - action (qualifier value)"
    },
    {
        "code": "410464009",
        "display": "Indirect sclerotic scatter illumination - action (qualifier value)"
    },
    {
        "code": "410465005",
        "display": "Indirect retroillumination from the iris - action (qualifier value)"
    },
    {
        "code": "410466006",
        "display": "Indirect retroillumination from the retina - action (qualifier value)"
    },
    {
        "code": "410467002",
        "display": "Indirect iris transillumination - action (qualifier value)"
    },
    {
        "code": "410756002",
        "display": "Surgical decompression - action (qualifier value)"
    },
    {
        "code": "410757006",
        "display": "Decompressive excision - action (qualifier value)"
    },
    {
        "code": "410758001",
        "display": "Decompressive incision - action (qualifier value)"
    },
    {
        "code": "410759009",
        "display": "Decompressive division - action (qualifier value)"
    },
    {
        "code": "410769003",
        "display": "Elevation reduction - action (qualifier value)"
    },
    {
        "code": "410814006",
        "display": "Surgical reduction - action (qualifier value)"
    },
    {
        "code": "410817004",
        "display": "Dilation repair - action (qualifier value)"
    },
    {
        "code": "410820007",
        "display": "Surgical transplantation - action (qualifier value)"
    },
    {
        "code": "415186003",
        "display": "Proximal illumination - action (qualifier value)"
    },
    {
        "code": "416677001",
        "display": "Internal drainage - action (qualifier value)"
    },
    {
        "code": "419385000",
        "display": "Use"
    },
    {
        "code": "419652001",
        "display": "Take"
    },
    {
        "code": "419656003",
        "display": "Examination AND/OR history taking - action (qualifier value)"
    },
    {
        "code": "419988009",
        "display": "Action of drug administration (qualifier value)"
    },
    {
        "code": "424208002",
        "display": "Shunt - action (qualifier value)"
    },
    {
        "code": "424832003",
        "display": "Surgical introduction - action (qualifier value)"
    },
    {
        "code": "424900004",
        "display": "Recommendation - action (qualifier value)"
    },
    {
        "code": "425362007",
        "display": "Surgical insertion - action (qualifier value)"
    },
    {
        "code": "425689005",
        "display": "Education - action (qualifier value)"
    },
    {
        "code": "425704008",
        "display": "Power Doppler ultrasound - action (qualifier value)"
    },
    {
        "code": "425764006",
        "display": "Transection - action (qualifier value)"
    },
    {
        "code": "426413004",
        "display": "Closed reduction - action (qualifier value)"
    },
    {
        "code": "426530000",
        "display": "Open reduction - action (qualifier value)"
    },
    {
        "code": "426865009",
        "display": "3D mode ultrasound (qualifier value)"
    },
    {
        "code": "428010000",
        "display": "Open embolization - action (qualifier value)"
    },
    {
        "code": "428381003",
        "display": "Diathermy - action (qualifier value)"
    },
    {
        "code": "430975009",
        "display": "Surgical piercing - action (qualifier value)"
    },
    {
        "code": "439054007",
        "display": "Surgical cataract aspiration - action (qualifier value)"
    },
    {
        "code": "439237009",
        "display": "Mechanical repair - action (qualifier value)"
    },
    {
        "code": "439417007",
        "display": "Closed manual reduction - action (qualifier value)"
    },
    {
        "code": "439513008",
        "display": "Surgical size reduction - action (qualifier value)"
    },
    {
        "code": "440338007",
        "display": "Dispensing - action (qualifier value)"
    },
    {
        "code": "440647007",
        "display": "Mechanical construction - action (qualifier value)"
    },
    {
        "code": "441504007",
        "display": "Surgical manipulation - action"
    },
    {
        "code": "442837002",
        "display": "Excision debridement - action (qualifier value)"
    },
    {
        "code": "445103003",
        "display": "Fixation by wedging - action (qualifier value)"
    },
    {
        "code": "698788008",
        "display": "Transmission illumination (qualifier value)"
    },
    {
        "code": "698789000",
        "display": "Reflection illumination (qualifier value)"
    },
    {
        "code": "698790009",
        "display": "Epifluorescence illumination"
    },
    {
        "code": "698792001",
        "display": "Brightfield illumination (qualifier value)"
    },
    {
        "code": "698793006",
        "display": "Darkfield illumination (qualifier value)"
    },
    {
        "code": "698794000",
        "display": "Oblique illumination (qualifier value)"
    },
    {
        "code": "698796003",
        "display": "Phase contrast illumination (qualifier value)"
    },
    {
        "code": "698797007",
        "display": "Differential interference contrast (qualifier value)"
    },
    {
        "code": "698798002",
        "display": "Total internal reflection fluorescence"
    },
    {
        "code": "702569007",
        "display": "Cone beam computed tomography imaging - action"
    },
    {
        "code": "713295009",
        "display": "Surgical replacement - action"
    },
    {
        "code": "787145007",
        "display": "Reinsertion - action"
    },
    {
        "code": "788288006",
        "display": "Surgical reimplantation - action"
    },
    {
        "code": "830058008",
        "display": "Nonsurgical fixation - action (qualifier value)"
    },
    {
        "code": "830059000",
        "display": "Nonsurgical repair - action (qualifier value)"
    },
    {
        "code": "1156997004",
        "display": "Surgical rotation - action (qualifier value)"
    },
    {
        "code": "1172737007",
        "display": "Doppler ultrasound - action"
    },
    {
        "code": "1172738002",
        "display": "Doppler ultrasound imaging - action (qualifier value)"
    },
    {
        "code": "1193839003",
        "display": "Distant flap reconstruction - action (qualifier value)"
    },
    {
        "code": "1193841002",
        "display": "Local flap reconstruction - action"
    },
    {
        "code": "1193842009",
        "display": "Local flap reconstruction by rotation - action"
    },
    {
        "code": "1193851001",
        "display": "Local flap reconstruction by advancement - action (qualifier value)"
    },
    {
        "code": "1193917004",
        "display": "Flap creation - action (qualifier value)"
    },
    {
        "code": "1196928009",
        "display": "Regional flap reconstruction - action"
    },
    {
        "code": "1196931005",
        "display": "Local flap reconstruction by transposition - action"
    },
    {
        "code": "1204227006",
        "display": "Local flap reconstruction by rotation advancement technique - action (qualifier value)"
    },
    {
        "code": "1204229009",
        "display": "Local flap reconstruction by W-plasty - action"
    },
    {
        "code": "1209015001",
        "display": "Bypass grafting - action"
    },
    {
        "code": "1209078005",
        "display": "Surgical denervation - action"
    },
    {
        "code": "1231382004",
        "display": "Super resolution ultrasound imaging - action (qualifier value)"
    },
    {
        "code": "899991000168109",
        "display": "Unroofing - action"
    }
]