[
    {
        "code": "183932001",
        "display": "Procedure contraindicated"
    },
    {
        "code": "135809002",
        "display": "Nitrate contraindicated"
    },
    {
        "code": "135811006",
        "display": "Diuretic contraindicated"
    },
    {
        "code": "135822005",
        "display": "Lipid lowering therapy contraindicated"
    },
    {
        "code": "135823000",
        "display": "Calcium channel blocker contraindicated"
    },
    {
        "code": "169551000",
        "display": "Contraception contraindicated"
    },
    {
        "code": "170954008",
        "display": "HRT contraindicated"
    },
    {
        "code": "171277005",
        "display": "Sensitivity C/I - immunization"
    },
    {
        "code": "171284002",
        "display": "Pertussis vaccine contraindicated"
    },
    {
        "code": "183934000",
        "display": "Sensitivity C/I to procedure"
    },
    {
        "code": "183936003",
        "display": "Contraindication to live immunization"
    },
    {
        "code": "266757004",
        "display": "Medical C/I to procedure"
    },
    {
        "code": "266758009",
        "display": "Immunization contraindicated"
    },
    {
        "code": "275935009",
        "display": "Surgery contraindicated"
    },
    {
        "code": "275974002",
        "display": "Measles/mumps/rubella vaccine contraindicated"
    },
    {
        "code": "312451002",
        "display": "Aspirin prophylaxis contra-indicated"
    },
    {
        "code": "315061006",
        "display": "Warfarin contraindicated"
    },
    {
        "code": "315062004",
        "display": "Beta blocker contraindicated"
    },
    {
        "code": "315363002",
        "display": "Statins contraindicated"
    },
    {
        "code": "315364008",
        "display": "Angiotensin converting enzyme inhibitors contraindicated"
    },
    {
        "code": "315591006",
        "display": "Fibrates contraindicated"
    },
    {
        "code": "390795005",
        "display": "Pneumococcal vaccination contraindicated"
    },
    {
        "code": "390796006",
        "display": "Influenza vaccination contraindicated"
    },
    {
        "code": "390910005",
        "display": "Thrombolysis contraindicated"
    },
    {
        "code": "394987009",
        "display": "Angiotensin II receptor antagonists contraindicated"
    },
    {
        "code": "395174005",
        "display": "Nicotine replacement therapy contraindicated"
    },
    {
        "code": "395175006",
        "display": "Bupropion contraindicated"
    },
    {
        "code": "395675007",
        "display": "Oral contraceptive pill contraindicated"
    },
    {
        "code": "407582002",
        "display": "Clopidogrel contraindicated"
    },
    {
        "code": "413558003",
        "display": "Anticoagulation contraindicated"
    },
    {
        "code": "414055003",
        "display": "Drug dependence home detoxification contraindicated"
    },
    {
        "code": "414159007",
        "display": "Exercise tolerance test contraindicated"
    },
    {
        "code": "414677003",
        "display": "Metformin contraindicated"
    },
    {
        "code": "415571003",
        "display": "Spirometry reversibility testing contraindicated"
    },
    {
        "code": "415666001",
        "display": "Administration of sulfonylurea contraindicated (situation)"
    },
    {
        "code": "416091008",
        "display": "Glitazones contraindicated"
    },
    {
        "code": "416475003",
        "display": "Combined calcium and vitamin D3 preparation contraindicated"
    },
    {
        "code": "416704001",
        "display": "DXA scan contraindicated"
    },
    {
        "code": "416759002",
        "display": "Non-steroidal anti-inflammatory drugs contraindicated"
    },
    {
        "code": "416996000",
        "display": "Strontium ranelate contraindicated"
    },
    {
        "code": "417101006",
        "display": "Selective estrogen receptor modulator contraindicated"
    },
    {
        "code": "417128001",
        "display": "Bisphosphonates contraindicated"
    },
    {
        "code": "438767006",
        "display": "Termination of pregnancy contraindicated (situation)"
    },
    {
        "code": "438833006",
        "display": "Administration of drug or medicament contraindicated (situation)"
    },
    {
        "code": "698468005",
        "display": "Bisoprolol contraindicated (situation)"
    },
    {
        "code": "698521002",
        "display": "Simvastatin contraindicated"
    },
    {
        "code": "699037006",
        "display": "Hepatitis B vaccination contraindicated"
    },
    {
        "code": "703997000",
        "display": "Teriparatide contraindicated"
    },
    {
        "code": "703999002",
        "display": "Raloxifene contraindicated"
    },
    {
        "code": "707298000",
        "display": "Phosphodiesterase-5 inhibitor contraindicated (situation)"
    },
    {
        "code": "715163003",
        "display": "Diphtheria vaccination contraindicated (situation)"
    },
    {
        "code": "715166006",
        "display": "Bacillus Calmette-Guerin vaccination contraindicated (situation)"
    },
    {
        "code": "719320000",
        "display": "Yellow fever vaccination contraindicated (situation)"
    },
    {
        "code": "719324009",
        "display": "Combined hepatitis A and B vaccination contraindicated (situation)"
    },
    {
        "code": "719325005",
        "display": "Smallpox vaccination contraindicated (situation)"
    },
    {
        "code": "719330009",
        "display": "Hepatitis A vaccination contraindicated (situation)"
    },
    {
        "code": "719457005",
        "display": "Tick-borne encephalitis vaccination contraindicated (situation)"
    },
    {
        "code": "719458000",
        "display": "Japanese encephalitis vaccination contraindicated (situation)"
    },
    {
        "code": "719467000",
        "display": "Measles vaccination contraindicated (situation)"
    },
    {
        "code": "719469002",
        "display": "Cholera vaccination contraindicated (situation)"
    },
    {
        "code": "719470001",
        "display": "Typhoid vaccination contraindicated (situation)"
    },
    {
        "code": "719472009",
        "display": "Rabies vaccination contraindicated (situation)"
    },
    {
        "code": "719473004",
        "display": "Rubella vaccination contraindicated (situation)"
    },
    {
        "code": "719474005",
        "display": "Tetanus vaccination contraindicated (situation)"
    },
    {
        "code": "719476007",
        "display": "Poliomyelitis vaccination contraindicated (situation)"
    },
    {
        "code": "719598000",
        "display": "Meningitis C vaccination contraindicated (situation)"
    },
    {
        "code": "719603008",
        "display": "Rabies post exposure prophylaxis contraindicated (situation)"
    },
    {
        "code": "719886001",
        "display": "Haemophilus influenzae type b vaccination contraindicated (situation)"
    },
    {
        "code": "736004008",
        "display": "Nebivolol contraindicated (situation)"
    },
    {
        "code": "736006005",
        "display": "Carvedilol contraindicated (situation)"
    },
    {
        "code": "761844008",
        "display": "Human papilloma virus vaccination contraindicated"
    },
    {
        "code": "762450006",
        "display": "Procedure not done because contraindicated"
    },
    {
        "code": "840598000",
        "display": "Platelet aggregation inhibitor therapy contraindicated (situation)"
    },
    {
        "code": "1145022003",
        "display": "SARS-CoV-2 mRNA vaccine contraindicated"
    },
    {
        "code": "1145023008",
        "display": "Severe acute respiratory syndrome coronavirus 2 antigen vaccine contraindicated"
    },
    {
        "code": "1145035007",
        "display": "Second dose of SARS-CoV-2 mRNA vaccine contraindicated"
    },
    {
        "code": "1156265005",
        "display": "COVID-19 vaccine contraindicated"
    },
    {
        "code": "1157110005",
        "display": "2019 novel coronavirus non-replicating viral vector vaccine contraindicated"
    },
    {
        "code": "1157113007",
        "display": "Second dose of 2019 novel coronavirus non-replicating viral vector vaccine contraindicated"
    },
    {
        "code": "1157198004",
        "display": "Inactivated whole SARS-CoV-2 antigen vaccine contraindicated"
    },
    {
        "code": "1157199007",
        "display": "Second dose of inactivated whole COVID-19 antigen vaccine contraindicated"
    },
    {
        "code": "1162647000",
        "display": "COVID-19 recombinant spike protein antigen vaccine contraindicated"
    },
    {
        "code": "1162648005",
        "display": "Second dose of recombinant spike protein 2019 novel coronavirus antigen vaccine contraindicated"
    },
    {
        "code": "1179498004",
        "display": "Severe acute respiratory syndrome coronavirus 2 virus-like particle antigen vaccine contraindicated (situation)"
    },
    {
        "code": "1179499007",
        "display": "Second dose of virus-like particle SARS-CoV-2 antigen vaccine contraindicated"
    },
    {
        "code": "1193584006",
        "display": "Severe acute respiratory syndrome coronavirus 2 deoxyribonucleic acid plasmid encoding spike protein vaccine contraindicated"
    },
    {
        "code": "7611000175100",
        "display": "Dipyridamole contraindicated (situation)"
    },
    {
        "code": "416406003",
        "display": "Procedure discontinued"
    },
    {
        "code": "170624001",
        "display": "Oral steroids stopped"
    },
    {
        "code": "170688000",
        "display": "Lithium stopped"
    },
    {
        "code": "170689008",
        "display": "Injectable phenothiazine stopped"
    },
    {
        "code": "170919001",
        "display": "Warfarin therapy stopped"
    },
    {
        "code": "170958006",
        "display": "HRT stopped"
    },
    {
        "code": "182840001",
        "display": "Drug treatment stopped - medical advice"
    },
    {
        "code": "182841002",
        "display": "Dr stopped drugs - ineffective"
    },
    {
        "code": "182842009",
        "display": "Doctor stopped drugs - side effect"
    },
    {
        "code": "182843004",
        "display": "Dr stopped drugs -inconvenient"
    },
    {
        "code": "182844005",
        "display": "Doctor stopped drugs - patient dislikes"
    },
    {
        "code": "182845006",
        "display": "Doctor stopped drugs - avoid interaction"
    },
    {
        "code": "182846007",
        "display": "Doctor stopped drugs - medical aim achieved"
    },
    {
        "code": "274512008",
        "display": "Drug therapy discontinued"
    },
    {
        "code": "309841001",
        "display": "Thyroxine treatment stopped"
    },
    {
        "code": "394909009",
        "display": "Syringe driver discontinued"
    },
    {
        "code": "395006008",
        "display": "Medication stopped - interaction"
    },
    {
        "code": "395007004",
        "display": "Medication stopped - ineffective"
    },
    {
        "code": "395008009",
        "display": "Medication stopped - contra-indication"
    },
    {
        "code": "395009001",
        "display": "Medication stopped - side effect"
    },
    {
        "code": "412782003",
        "display": "Inappropriate medication stopped"
    },
    {
        "code": "425519007",
        "display": "Cardiopulmonary resuscitation discontinued due to medical control order (situation)"
    },
    {
        "code": "425921008",
        "display": "Cardiopulmonary resuscitation discontinued due to do not resuscitate order (situation)"
    },
    {
        "code": "426970003",
        "display": "Cardiopulmonary resuscitation discontinued due to return of spontaneous circulation (situation)"
    },
    {
        "code": "426999008",
        "display": "Cardiopulmonary resuscitation discontinued due to signs of death (situation)"
    },
    {
        "code": "427569000",
        "display": "Cardiopulmonary resuscitation discontinued as per protocol (situation)"
    },
    {
        "code": "430279008",
        "display": "Drug treatment stopped at end of clinical trial (situation)"
    },
    {
        "code": "438604008",
        "display": "Peritoneal dialysis therapy discontinued (situation)"
    },
    {
        "code": "439516000",
        "display": "Hemodialysis therapy discontinued (situation)"
    },
    {
        "code": "710765004",
        "display": "Wound drain discontinued"
    },
    {
        "code": "713246009",
        "display": "Procedure discontinued by healthcare professional (situation)"
    },
    {
        "code": "713247000",
        "display": "Procedure discontinued by patient"
    },
    {
        "code": "713248005",
        "display": "Procedure discontinued by doctor (situation)"
    },
    {
        "code": "866267001",
        "display": "Artificial respiration discontinued"
    },
    {
        "code": "70732231000132107",
        "display": "Duplicate drug therapy stopped"
    },
    {
        "code": "416237000",
        "display": "Procedure not done"
    },
    {
        "code": "162650008",
        "display": "Patient not examined"
    },
    {
        "code": "162675007",
        "display": "General examination not done"
    },
    {
        "code": "162882008",
        "display": "Respiratory system not examined"
    },
    {
        "code": "162980001",
        "display": "CVS not examined"
    },
    {
        "code": "163128002",
        "display": "GIT not examined"
    },
    {
        "code": "163348001",
        "display": "GU system not examined"
    },
    {
        "code": "163582008",
        "display": "Nervous system not examined"
    },
    {
        "code": "164176006",
        "display": "ENT examination not performed"
    },
    {
        "code": "164503006",
        "display": "Orthopedic exam. not done"
    },
    {
        "code": "164713001",
        "display": "Neurological diagnostic procedure - not done"
    },
    {
        "code": "164725003",
        "display": "Visual testing not done"
    },
    {
        "code": "164746007",
        "display": "Auditory/vestibular test not done"
    },
    {
        "code": "164766003",
        "display": "Special ENT procedure not done"
    },
    {
        "code": "164776000",
        "display": "Special CVS test not done"
    },
    {
        "code": "164786004",
        "display": "Special GIT test not done"
    },
    {
        "code": "164795007",
        "display": "Special urinary test not done"
    },
    {
        "code": "164808009",
        "display": "Special female test not done"
    },
    {
        "code": "164823004",
        "display": "Special male test not done"
    },
    {
        "code": "164831009",
        "display": "Musculoskeletal test not done"
    },
    {
        "code": "164853006",
        "display": "ECG not done"
    },
    {
        "code": "164964005",
        "display": "Susceptibility skin test not done"
    },
    {
        "code": "164978006",
        "display": "Mantoux test not done"
    },
    {
        "code": "164985005",
        "display": "Kveim test not done"
    },
    {
        "code": "164997006",
        "display": "Hypersensitivity skin test not done"
    },
    {
        "code": "165008002",
        "display": "Allergy testing not done"
    },
    {
        "code": "165017002",
        "display": "Lung function testing not done"
    },
    {
        "code": "165026004",
        "display": "Lung volume test not done"
    },
    {
        "code": "165035006",
        "display": "Respiratory flow rate not measured"
    },
    {
        "code": "165074004",
        "display": "Cardiac function test not done"
    },
    {
        "code": "165081006",
        "display": "Exercise tolerance test not done"
    },
    {
        "code": "165104002",
        "display": "Metabolic function not tested"
    },
    {
        "code": "165122004",
        "display": "Non-surgical biopsy not done"
    },
    {
        "code": "165139002",
        "display": "Endoscopy not carried out"
    },
    {
        "code": "165343008",
        "display": "Laboratory test requested - not done"
    },
    {
        "code": "165377003",
        "display": "Hematology test request - not done"
    },
    {
        "code": "165393007",
        "display": "Hemoglobin not estimated"
    },
    {
        "code": "167219008",
        "display": "Urine not examined"
    },
    {
        "code": "167260001",
        "display": "Urine glucose test not done"
    },
    {
        "code": "167272007",
        "display": "Urine protein test not done"
    },
    {
        "code": "167286006",
        "display": "Urine ketone test not done"
    },
    {
        "code": "167296002",
        "display": "Urine blood test not done"
    },
    {
        "code": "167306007",
        "display": "Urine pH test not done"
    },
    {
        "code": "167317008",
        "display": "Urine bacteria test not done"
    },
    {
        "code": "167322008",
        "display": "Urine urobilinogen not tested"
    },
    {
        "code": "167594003",
        "display": "Feces not examined"
    },
    {
        "code": "167701000",
        "display": "CSF: not examined"
    },
    {
        "code": "167728005",
        "display": "CSF chemistry - not tested"
    },
    {
        "code": "168497006",
        "display": "Radiographic imaging procedure not carried out (situation)"
    },
    {
        "code": "169607004",
        "display": "No antenatal care"
    },
    {
        "code": "169610006",
        "display": "Antenatal care: not attended"
    },
    {
        "code": "169611005",
        "display": "No antenatal care: not known pregnant"
    },
    {
        "code": "169699008",
        "display": "Antenatal syphilis screening not done"
    },
    {
        "code": "169704000",
        "display": "Antenatal blood group screening not done"
    },
    {
        "code": "169708002",
        "display": "Antenatal sickle screening not done"
    },
    {
        "code": "170100005",
        "display": "Child not examined at birth"
    },
    {
        "code": "170108003",
        "display": "Child not examined at 10 days"
    },
    {
        "code": "170117003",
        "display": "Child 6 week examination not attended"
    },
    {
        "code": "170126000",
        "display": "8-9 month exam not attended"
    },
    {
        "code": "170135007",
        "display": "18 month examination not attended"
    },
    {
        "code": "170144008",
        "display": "2.5 year examination not attended"
    },
    {
        "code": "170153001",
        "display": "3.5 year examination not attended (situation)"
    },
    {
        "code": "170162004",
        "display": "4.5 year examination not attended"
    },
    {
        "code": "170171008",
        "display": "10 year examination not attended (situation)"
    },
    {
        "code": "170180008",
        "display": "15 year examination not attended"
    },
    {
        "code": "170257006",
        "display": "Child 1 year examination not attended"
    },
    {
        "code": "170266005",
        "display": "Child 6 month examination not attended"
    },
    {
        "code": "170275007",
        "display": "Child 21 month examination not attended"
    },
    {
        "code": "170284007",
        "display": "Child 3 year exam not attended"
    },
    {
        "code": "170293008",
        "display": "Child 39 month examination not attended"
    },
    {
        "code": "170304008",
        "display": "Child 8 week examination not attended"
    },
    {
        "code": "182849000",
        "display": "No drug therapy prescribed"
    },
    {
        "code": "183928007",
        "display": "Residence remote from medical care"
    },
    {
        "code": "183929004",
        "display": "No home medical services"
    },
    {
        "code": "183930009",
        "display": "Awaiting admission elsewhere"
    },
    {
        "code": "266756008",
        "display": "Medical care unavailable"
    },
    {
        "code": "266881002",
        "display": "History not obtained"
    },
    {
        "code": "309846006",
        "display": "Treatment not available"
    },
    {
        "code": "310352003",
        "display": "Mammography not attended"
    },
    {
        "code": "314374001",
        "display": "360 degree sweep of cervix not performed"
    },
    {
        "code": "371900001",
        "display": "Medication not administered"
    },
    {
        "code": "373147003",
        "display": "Medication not administered because contraindicated"
    },
    {
        "code": "373148008",
        "display": "Thrombolytic agent not administered because contraindicated"
    },
    {
        "code": "390848004",
        "display": "Retinae not examined"
    },
    {
        "code": "391016008",
        "display": "Osteoporosis risk assessment defaulted"
    },
    {
        "code": "394965000",
        "display": "Urine leukocyte test not done"
    },
    {
        "code": "396781004",
        "display": "No chemotherapy AND/OR radiation therapy prior to lymphadenectomy"
    },
    {
        "code": "397004005",
        "display": "Immunophenotypic analysis not performed"
    },
    {
        "code": "397399004",
        "display": "Cell phenotyping not performed"
    },
    {
        "code": "399538001",
        "display": "Cytogenetic study not performed"
    },
    {
        "code": "401179006",
        "display": "No previous immunizations"
    },
    {
        "code": "401318002",
        "display": "Shuttle walking test not done"
    },
    {
        "code": "408504000",
        "display": "Child 7 month examination not attended"
    },
    {
        "code": "408836004",
        "display": "Sample not obtained"
    },
    {
        "code": "408837008",
        "display": "Amniocentesis sample not obtained"
    },
    {
        "code": "416128008",
        "display": "No past history of procedure"
    },
    {
        "code": "418014008",
        "display": "Procedure not ordered"
    },
    {
        "code": "418731009",
        "display": "No stain applied"
    },
    {
        "code": "428348004",
        "display": "Cardiopulmonary resuscitation not attempted (situation)"
    },
    {
        "code": "439867009",
        "display": "Determination of pattern of resistance to antiviral agent not done (situation)"
    },
    {
        "code": "441989008",
        "display": "Delayed hypersensitivity skin test for histoplasmin not done"
    },
    {
        "code": "443788002",
        "display": "Maternal postnatal examination not attended (situation)"
    },
    {
        "code": "698569004",
        "display": "Postnatal depression not discussed (situation)"
    },
    {
        "code": "698753008",
        "display": "No history of cervical smear (situation)"
    },
    {
        "code": "699231000",
        "display": "Domestic abuse not discussed (situation)"
    },
    {
        "code": "703942005",
        "display": "No history of mammogram (situation)"
    },
    {
        "code": "712751006",
        "display": "Radiation therapy not done"
    },
    {
        "code": "712985002",
        "display": "Chemotherapy not done"
    },
    {
        "code": "713207007",
        "display": "Neck dissection not done"
    },
    {
        "code": "715621003",
        "display": "Heart failure education not done (situation)"
    },
    {
        "code": "715622005",
        "display": "Warfarin not prescribed (situation)"
    },
    {
        "code": "719072001",
        "display": "Biopsy of kidney not done (situation)"
    },
    {
        "code": "719828003",
        "display": "Autopsy not done (situation)"
    },
    {
        "code": "722825000",
        "display": "Bowel preparation not done (situation)"
    },
    {
        "code": "4431000175103",
        "display": "Asthma medication not prescribed (situation)"
    },
    {
        "code": "4451000175106",
        "display": "Asthma action plan not done (situation)"
    },
    {
        "code": "4461000175108",
        "display": "Cervical cancer screening not done (situation)"
    },
    {
        "code": "4471000175100",
        "display": "Colorectal cancer screening not done (situation)"
    },
    {
        "code": "4481000175102",
        "display": "Diabetes mellitus screening not done (situation)"
    },
    {
        "code": "4501000175108",
        "display": "Hemoglobin A1C test not done (situation)"
    },
    {
        "code": "4511000175106",
        "display": "Lipid screening test not done"
    },
    {
        "code": "4521000175102",
        "display": "Measles mumps and rubella vaccination not done (situation)"
    },
    {
        "code": "4531000175104",
        "display": "Tobacco cessation education not done (situation)"
    },
    {
        "code": "4541000175105",
        "display": "Spirometry not done (situation)"
    },
    {
        "code": "4551000175107",
        "display": "Diabetic foot exam not done"
    },
    {
        "code": "4571000175101",
        "display": "Lipid lowering medication not prescribed (situation)"
    },
    {
        "code": "4581000175103",
        "display": "Diabetic retinal eye exam not done (situation)"
    },
    {
        "code": "4591000175100",
        "display": "Bone density screening not done (situation)"
    },
    {
        "code": "5991000175105",
        "display": "Peak expiratory flow not done (situation)"
    },
    {
        "code": "6001000175106",
        "display": "Systemic corticosteroid not prescribed (situation)"
    },
    {
        "code": "6011000175109",
        "display": "Inhaled bronchodilator not prescribed (situation)"
    },
    {
        "code": "6021000175100",
        "display": "Vaccination for diphtheria, pertussis, and tetanus not done"
    },
    {
        "code": "6031000175102",
        "display": "Varicella vaccination not done (situation)"
    },
    {
        "code": "6041000175108",
        "display": "Hepatitis A vaccination not done (situation)"
    },
    {
        "code": "6051000175105",
        "display": "Hepatitis B vaccination not done (situation)"
    },
    {
        "code": "11991000175106",
        "display": "Child not examined"
    },
    {
        "code": "21311000175107",
        "display": "Disease modifying antirheumatic drug not prescribed"
    },
    {
        "code": "21641000175100",
        "display": "Adult not examined (situation)"
    },
    {
        "code": "21661000175101",
        "display": "Antibiotic prophylaxis not prescribed"
    },
    {
        "code": "21691000175105",
        "display": "Antihypertensive therapy not prescribed (situation)"
    },
    {
        "code": "34351000175108",
        "display": "Human anti-D immunoglobulin not administered (situation)"
    },
    {
        "code": "36751000175103",
        "display": "Renin-angiotensin system antagonist not prescribed"
    },
    {
        "code": "90351000119108",
        "display": "Vaccination not done (situation)"
    },
    {
        "code": "428119001",
        "display": "Procedure not indicated (situation)"
    },
    {
        "code": "134390006",
        "display": "Angiotensin converting enzyme inhibitor not indicated"
    },
    {
        "code": "134391005",
        "display": "Statin not indicated"
    },
    {
        "code": "134392003",
        "display": "Warfarin not indicated"
    },
    {
        "code": "134394002",
        "display": "Aspirin not indicated"
    },
    {
        "code": "135805008",
        "display": "Nitrate not indicated"
    },
    {
        "code": "135806009",
        "display": "Calcium channel blocker not indicated"
    },
    {
        "code": "135807000",
        "display": "Lipid lowering therapy not indicated"
    },
    {
        "code": "135808005",
        "display": "Diuretic not indicated"
    },
    {
        "code": "183964008",
        "display": "Treatment not indicated"
    },
    {
        "code": "183965009",
        "display": "Surgery not indicated"
    },
    {
        "code": "183966005",
        "display": "Drug treatment not indicated"
    },
    {
        "code": "315214003",
        "display": "Beta blocker not indicated"
    },
    {
        "code": "407571005",
        "display": "Clopidogrel not indicated"
    },
    {
        "code": "407572003",
        "display": "Angiotensin II receptor antagonist not indicated"
    },
    {
        "code": "407573008",
        "display": "Influenza vaccination not indicated"
    },
    {
        "code": "408339001",
        "display": "Thrombolysis therapy not indicated"
    },
    {
        "code": "408396006",
        "display": "Diabetic retinopathy screening not indicated"
    },
    {
        "code": "408397002",
        "display": "Diabetic foot examination not indicated"
    },
    {
        "code": "408398007",
        "display": "Smoking review not indicated"
    },
    {
        "code": "413167008",
        "display": "Compression bandaging not indicated"
    },
    {
        "code": "413560001",
        "display": "Anticoagulation not indicated"
    },
    {
        "code": "413812009",
        "display": "Cervical smear not indicated"
    },
    {
        "code": "415119001",
        "display": "Pneumococcal vaccination not indicated"
    },
    {
        "code": "415570002",
        "display": "Spirometry not indicated"
    },
    {
        "code": "415667005",
        "display": "Administration of sulfonylurea not indicated (situation)"
    },
    {
        "code": "416664005",
        "display": "Selective estrogen receptor modulator not indicated"
    },
    {
        "code": "416670004",
        "display": "Glitazones not indicated"
    },
    {
        "code": "416678006",
        "display": "Combined calcium and vitamin D3 preparation not indicated"
    },
    {
        "code": "416741000",
        "display": "Strontium ranelate not indicated"
    },
    {
        "code": "417013004",
        "display": "DXA scan not indicated"
    },
    {
        "code": "417218000",
        "display": "Carotid ultrasound not indicated"
    },
    {
        "code": "417434004",
        "display": "Bisphosphonates not indicated"
    },
    {
        "code": "699048004",
        "display": "Exercise tolerance test not indicated (situation)"
    },
    {
        "code": "700384008",
        "display": "Antibiotic prophylaxis not indicated"
    },
    {
        "code": "703971006",
        "display": "Hepatitis A vaccination not indicated (situation)"
    },
    {
        "code": "703996009",
        "display": "Teriparatide not indicated (situation)"
    },
    {
        "code": "704000000",
        "display": "Raloxifene not indicated"
    },
    {
        "code": "704033005",
        "display": "Phosphodiesterase 5 inhibitor not indicated (situation)"
    },
    {
        "code": "704052004",
        "display": "Referral to cardiac rehabilitation program not indicated"
    },
    {
        "code": "704096004",
        "display": "Referral to heart failure exercise program not indicated"
    },
    {
        "code": "707287001",
        "display": "Hepatitis B vaccination not indicated"
    },
    {
        "code": "707853004",
        "display": "Testing for Ebola virus not indicated (situation)"
    },
    {
        "code": "709198003",
        "display": "Education not indicated"
    },
    {
        "code": "712740006",
        "display": "Medication monitoring not indicated"
    },
    {
        "code": "736005009",
        "display": "Histology not indicated (situation)"
    },
    {
        "code": "833323000",
        "display": "Evaluation procedure not indicated (situation)"
    },
    {
        "code": "874932008",
        "display": "Carvedilol not indicated (situation)"
    },
    {
        "code": "874933003",
        "display": "Nebivolol not indicated"
    },
    {
        "code": "874934009",
        "display": "Bisoprolol not indicated"
    },
    {
        "code": "1145029007",
        "display": "2019 novel coronavirus mRNA vaccination not indicated"
    },
    {
        "code": "1145030002",
        "display": "Severe acute respiratory syndrome coronavirus 2 antigen vaccination not indicated (situation)"
    },
    {
        "code": "1156267002",
        "display": "Severe acute respiratory syndrome coronavirus 2 vaccination not indicated"
    },
    {
        "code": "71911000119106",
        "display": "No vaginal PAP smear required due to history of hysterectomy"
    },
    {
        "code": "416064006",
        "display": "Procedure not offered"
    },
    {
        "code": "416432009",
        "display": "Procedure not wanted"
    },
    {
        "code": "169609001",
        "display": "Antenatal care: not wanted"
    },
    {
        "code": "169635000",
        "display": "Parent craft not wanted"
    },
    {
        "code": "169649009",
        "display": "Antenatal amniocentesis - not wanted (situation)"
    },
    {
        "code": "169660000",
        "display": "Antenatal ultrasound scan not wanted (situation)"
    },
    {
        "code": "169687001",
        "display": "AFP blood test not wanted"
    },
    {
        "code": "169693009",
        "display": "Rubella screening not wanted"
    },
    {
        "code": "169795009",
        "display": "Triple test not wanted"
    },
    {
        "code": "169796005",
        "display": "Double test not wanted"
    },
    {
        "code": "170116007",
        "display": "Child 6 week examination not wanted"
    },
    {
        "code": "170125001",
        "display": "8-9 month exam not wanted"
    },
    {
        "code": "170134006",
        "display": "18 month examination not wanted"
    },
    {
        "code": "170143002",
        "display": "2.5 year examination not wanted"
    },
    {
        "code": "170152006",
        "display": "3.5 year examination not wanted"
    },
    {
        "code": "170161006",
        "display": "4.5 year examination not wanted"
    },
    {
        "code": "170170009",
        "display": "10 year examination not wanted (situation)"
    },
    {
        "code": "170179005",
        "display": "15 year examination not wanted"
    },
    {
        "code": "170256002",
        "display": "Child 1 year examination not wanted"
    },
    {
        "code": "170265009",
        "display": "Child 6 month examination not wanted"
    },
    {
        "code": "170274006",
        "display": "Child 21 month examination not wanted"
    },
    {
        "code": "170283001",
        "display": "Child 3 year exam not wanted"
    },
    {
        "code": "170292003",
        "display": "Child 39 month examination not wanted"
    },
    {
        "code": "170302007",
        "display": "Child 8 week examination not wanted"
    },
    {
        "code": "171034000",
        "display": "Health education not wanted"
    },
    {
        "code": "171103002",
        "display": "Screening not wanted"
    },
    {
        "code": "171152003",
        "display": "Screening for malignant neoplasm of cervix not wanted (situation)"
    },
    {
        "code": "184163005",
        "display": "Child surveillance not wanted"
    },
    {
        "code": "408505004",
        "display": "Child 7 month examination not wanted"
    },
    {
        "code": "871868000",
        "display": "Immunization hesitancy by patient"
    },
    {
        "code": "871879005",
        "display": "Immunization hesitancy by parent"
    },
    {
        "code": "183944003",
        "display": "Procedure refused"
    },
    {
        "code": "394908001",
        "display": "Procedure stopped"
    },
    {
        "code": "168533005",
        "display": "Radiotherapy stopped"
    },
    {
        "code": "170585007",
        "display": "Cardiac disease treatment stopped"
    },
    {
        "code": "170588009",
        "display": "Treatment for hypertension stopped (situation)"
    },
    {
        "code": "170620005",
        "display": "Respiratory disease treatment stopped (situation)"
    },
    {
        "code": "170621009",
        "display": "Home oxygen supply stopped"
    },
    {
        "code": "170675003",
        "display": "GIT treatment stopped"
    },
    {
        "code": "170687005",
        "display": "Psychiatric treatment stopped"
    },
    {
        "code": "170700002",
        "display": "Neurological disorder treatment stopped"
    },
    {
        "code": "170712003",
        "display": "Epilepsy treatment stopped"
    },
    {
        "code": "170725006",
        "display": "Ophthalmological treatment stopped"
    },
    {
        "code": "170800007",
        "display": "Treatment of obesity stopped"
    },
    {
        "code": "170816009",
        "display": "Endocrine disease treatment stopped"
    },
    {
        "code": "170826002",
        "display": "B12 injections stopped"
    },
    {
        "code": "170834008",
        "display": "Blood disorder treatment stopped"
    },
    {
        "code": "170843004",
        "display": "Allergic disorder treatment stopped"
    },
    {
        "code": "170854009",
        "display": "Rheumatology disorder treatment stopped"
    },
    {
        "code": "170863006",
        "display": "Skin disorder treatment stopped"
    },
    {
        "code": "170872003",
        "display": "Gynecological disorder treatment stopped"
    },
    {
        "code": "170882002",
        "display": "Urinary disorder treatment stopped"
    },
    {
        "code": "170894006",
        "display": "ENT disease treatment stopped"
    },
    {
        "code": "170904002",
        "display": "Ostomy - treatment stopped"
    },
    {
        "code": "170912005",
        "display": "High risk treatment stopped"
    },
    {
        "code": "170929008",
        "display": "Repeat prescription treatment stopped"
    },
    {
        "code": "180863000",
        "display": "Operation abandoned"
    },
    {
        "code": "268521004",
        "display": "Thyroid disease treatment stopped"
    },
    {
        "code": "288120003",
        "display": "Operation abandoned before onset"
    },
    {
        "code": "391021006",
        "display": "Osteoporosis treatment stopped"
    },
    {
        "code": "397023003",
        "display": "Operation not completed"
    },
    {
        "code": "414120003",
        "display": "ERCP not completed due to anatomical derangements from previous surgery"
    },
    {
        "code": "698459008",
        "display": "Antidepressant drug treatment stopped"
    },
    {
        "code": "700110004",
        "display": "Bisphosphonate prophylaxis suspended"
    },
    {
        "code": "708000007",
        "display": "Insulin treatment stopped (situation)"
    },
    {
        "code": "719857004",
        "display": "Telehealth monitoring suspended (situation)"
    },
    {
        "code": "733035008",
        "display": "Previously initiated dental therapy not completed"
    },
    {
        "code": "764637000",
        "display": "Lipid-lowering therapy stopped (situation)"
    },
    {
        "code": "1137454002",
        "display": "Laparoscopic cholecystectomy using robotic assistance not completed (situation)"
    },
    {
        "code": "35031000087105",
        "display": "Life-sustaining treatment stopped"
    },
    {
        "code": "410536001",
        "display": "Contraindicated (qualifier value)"
    }
]